The Pew Charitable Trusts,,,,,,,,,,,,,,,,,,,,,,,,,,,,,,,,,,,,,,,,,,,,,,,,,,,,,,,,,,,,,,,,,,,,,,,,,,,,,,,,,,,,,,,,,,,,,,,,,,,,,,,,,,,,,,,,,,,,,
Public Sector Retirement Systems,,,,,,,,,,,,,,,,,,,,,,,,,,,,,,,,,,,,,,,,,,,,,,,,,,,,,,,,,,,,,,,,,,,,,,,,,,,,,,,,,,,,,,,,,,,,,,,,,,,,,,,,,,,,,,,,,,,,,
Funding and Payment Information,,,,,,,,,,,,,,,,,,,,,,,,,,,,,,,,,,,,,,,,,,,,,,,,,,,,,,,,,,,,,,,,,,,,,,,,,,,,,,,,,,,,,,,,,,,,,,,,,,,,,,,,,,,,,,,,,,,,,
State Aggregate Historical Information (2014-2003),,,,,,,,,,,,,,,,,,,,,,,,,,,,,,,,,,,,,,,,,,,,,,,,,,,,,,,,,,,,,,,,,,,,,,,,,,,,,,,,,,,,,,,,,,,,,,,,,,,,,,,,,,,,,,,,,,,,,
Note: All $ figures are in thousands,,,,,,,,,,,,,,,,,,,,,,,,,,,,,,,,,,,,,,,,,,,,,,,,,,,,,,,,,,,,,,,,,,,,,,,,,,,,,,,,,,,,,,,,,,,,,,,,,,,,,,,,,,,,,,,,,,,,,
,,,,,,,,,,,,,,,,,,,,,,,,,,,,,,,,,,,,,,,,,,,,,,,,,,,,,,,,,,,,,,,,,,,,,,,,,,,,,,,,,,,,,,,,,,,,,,,,,,,,,,,,,,,,,,,,,,,,,
,,2014,2014,2014,2014,2014,2014,2013,2013,2013,2013,2013,2013,2013,2013,2013,2013,2012,2012,2012,2012,2012,2012,2012,2012,2012,2012,2011,2011,2011,2011,2011,2011,2011,2011,2011,2011,2010,2010,2010,2010,2010,2010,2010,2010,2010,2010,2009,2009,2009,2009,2009,2009,2009,2009,2009,2009,2008,2008,2008,2008,2008,2008,2008,2008,2008,2008,2007,2007,2007,2007,2007,2007,2007,2007,2007,2007,2006,2006,2006,2006,2006,2006,2006,2006,2006,2006,2005,2005,2005,2005,2005,2005,2005,2005,2005,2005,2004,2004,2004,2004,2004,2004,2004,2004,2004,2004,2003,2003,2003,2003,2003,2003,2003,2003,2003,2003
,State,Liability (Total Pension Liability),Assets (Plan Fiduciary Net Postion),Pension Debt (Net Pension Liability),Funded Ratio,Change in Percent Funded,Funding Rank,Liability,Actuarial Value of Assets,Pension Debt,Funded Ratio,Change in Percent Funded,Funding Rank,Recommended Payment (ARC),Actual Payment,Payment Shortfall,Percent Contributed (Percent of ARC Paid),Liability,Actuarial Value of Assets,Pension Debt,Funded Ratio,Change in Percent Funded,Funding Rank,Recommended Payment (ARC),Actual Payment,Payment Shortfall,Percent Contributed (Percent of ARC Paid),Liability,Actuarial Value of Assets,Pension Debt,Funded Ratio,Change in Percent Funded,Funding Rank,Recommended Payment (ARC),Actual Payment,Payment Shortfall,Percent Contributed (Percent of ARC Paid),Liability,Actuarial Value of Assets,Pension Debt,Funded Ratio,Change in Percent Funded,Funding Rank,Recommended Payment (ARC),Actual Payment,Payment Shortfall,Percent Contributed (Percent of ARC Paid),Liability,Actuarial Value of Assets,Pension Debt,Funded Ratio,Change in Percent Funded,Funding Rank,Recommended Payment (ARC),Actual Payment,Payment Shortfall,Percent Contributed (Percent of ARC Paid),Liability,Actuarial Value of Assets,Pension Debt,Funded Ratio,Change in Percent Funded,Funding Rank,Recommended Payment (ARC),Actual Payment,Payment Shortfall,Percent Contributed (Percent of ARC Paid),Liability,Actuarial Value of Assets,Pension Debt,Funded Ratio,Change in Percent Funded,Funding Rank,Recommended Payment (ARC),Actual Payment,Payment Shortfall,Percent Contributed (Percent of ARC Paid),Liability,Actuarial Value of Assets,Pension Debt,Funded Ratio,Change in Percent Funded,Funding Rank,Recommended Payment (ARC),Actual Payment,Payment Shortfall,Percent Contributed (Percent of ARC Paid),Liability,Actuarial Value of Assets,Pension Debt,Funded Ratio,Change in Percent Funded,Funding Rank,Recommended Payment (ARC),Actual Payment,Payment Shortfall,Percent Contributed (Percent of ARC Paid),Liability,Actuarial Value of Assets,Pension Debt,Funded Ratio,Change in Percent Funded,Funding Rank,Recommended Payment (ARC),Actual Payment,Payment Shortfall,Percent Contributed (Percent of ARC Paid),Liability,Actuarial Value of Assets,Pension Debt,Funded Ratio,Change in Percent Funded,Funding Rank,Recommended Payment (ARC),Actual Payment,Payment Shortfall,Percent Contributed (Percent of ARC Paid)
,Alabama,"47,283,806","33,331,904","13,951,902",70.50%,4.60%,32,"$44,616,643 ","$29,419,597 ","$15,197,052 ",65.90%,-0.20%,30,"$980,614 ","$980,614 ",$0 ,100.00%,"$42,516,832 ","$28,136,859 ","$14,379,973 ",66.20%,-0.70%,26,"$946,573 ","$946,573 ",$0 ,100.00%,"$43,536,747 ","$29,122,163 ","$14,414,584 ",66.90%,-3.20%,32,"$1,185,548 ","$1,185,548 ",$0 ,100.00%,"$42,942,101 ","$30,118,307 ","$12,823,794 ",70.10%,-3.80%,32,"$1,165,133 ","$1,165,133 ",$0 ,100.00%,"$41,634,554 ","$30,763,098 ","$10,871,456 ",73.90%,-3.20%,28,"$1,214,983 ","$1,214,983 ",$0 ,100.00%,"$40,206,232 ","$30,977,314 ","$9,228,918 ",77.00%,-2.30%,32,"$1,069,214 ","$1,069,214 ",$0 ,100.00%,"$38,657,817 ","$30,687,002 ","$7,970,815 ",79.40%,-2.90%,32,"$827,408 ","$827,408 ",$0 ,100.00%,"$35,704,256 ","$29,369,328 ","$6,334,928 ",82.30%,-1.50%,25,"$684,861 ","$684,861 ",$0 ,100.00%,"$33,961,978 ","$28,439,656 ","$5,522,322 ",83.70%,-5.80%,23,"$552,651 ","$552,651 ",$0 ,100.00%,"$30,725,723 ","$27,519,798 ","$3,205,925 ",89.60%,-3.10%,19,"$492,181 ","$492,181 ",$0 ,100.00%,"$28,767,137 ","$26,669,981 ","$2,097,156 ",92.70%,-4.00%,20,"$398,641 ","$398,641 ",$0 ,100.00%
,Alaska,"19,402,488","11,679,592","7,722,897",60.20%,7.80%,45,"$18,779,068 ","$9,830,273 ","$8,948,795 ",52.30%,-2.30%,47,"$652,978 ","$588,882 ","$64,096 ",90.20%,"$18,061,980 ","$9,871,967 ","$8,190,013 ",54.70%,-4.50%,47,"$588,631 ","$517,050 ","$71,581 ",87.80%,"$17,339,451 ","$10,257,331 ","$7,082,120 ",59.20%,-0.40%,45,"$394,768 ","$352,751 ","$42,018 ",89.40%,"$16,592,762 ","$9,876,701 ","$6,716,061 ",59.50%,-1.40%,42,"$397,137 ","$328,803 ","$68,333 ",82.80%,"$15,354,758 ","$9,361,309 ","$5,993,450 ",61.00%,-14.80%,43,"$269,222 ","$333,045 ","($63,823)",123.70%,"$14,567,631 ","$11,032,111 ","$3,535,520 ",75.70%,1.60%,34,"$282,242 ","$300,121 ","($17,878)",106.30%,"$13,860,147 ","$10,275,065 ","$3,585,082 ",74.10%,0.00%,37,"$444,898 ","$319,644 ","$125,255 ",71.80%,"$13,106,922 ","$9,720,898 ","$3,386,024 ",74.20%,10.20%,36,"$424,916 ","$260,916 ","$164,000 ",61.40%,"$11,511,030 ","$7,366,047 ","$4,144,984 ",64.00%,-3.40%,44,"$390,466 ","$183,237 ","$207,229 ",46.90%,"$11,017,241 ","$7,423,361 ","$3,593,881 ",67.40%,-2.10%,44,"$142,747 ","$131,665 ","$11,082 ",92.20%,"$10,606,027 ","$7,371,277 ","$3,234,750 ",69.50%,-3.00%,43,"$104,043 ","$122,921 ","($18,879)",118.10%
,Arizona,"64,345,745","41,440,778","22,904,967",64.40%,-7.30%,40,"$53,313,693 ","$38,206,174 ","$15,107,518 ",71.70%,-0.30%,24,"$1,350,144 ","$1,350,144 ",$0 ,100.00%,"$51,243,743 ","$36,868,930 ","$14,374,813 ",71.90%,-1.30%,21,"$1,209,913 ","$1,209,913 ",$0 ,100.00%,"$48,637,738 ","$35,613,124 ","$13,024,614 ",73.20%,-1.80%,21,"$1,116,650 ","$1,116,650 ",$0 ,100.00%,"$46,500,674 ","$34,902,790 ","$11,597,884 ",75.10%,-2.60%,21,"$1,111,333 ","$1,111,333 ",$0 ,100.00%,"$44,078,394 ","$34,209,571 ","$9,868,823 ",77.60%,-2.30%,22,"$1,127,256 ","$1,127,256 ",$0 ,100.00%,"$41,608,945 ","$33,263,207 ","$8,345,738 ",79.90%,-0.20%,27,"$1,023,336 ","$1,023,336 ",$0 ,100.00%,"$38,901,425 ","$31,159,458 ","$7,741,967 ",80.10%,-3.20%,29,"$848,987 ","$847,263 ","$1,724 ",99.80%,"$36,059,623 ","$30,038,480 ","$6,021,143 ",83.30%,-2.80%,22,"$639,847 ","$639,847 ",$0 ,100.00%,"$33,595,867 ","$28,912,548 ","$4,683,319 ",86.10%,-6.80%,22,"$445,517 ","$445,517 ",$0 ,100.00%,"$30,798,029 ","$28,610,310 ","$2,187,719 ",92.90%,-6.50%,12,"$397,801 ","$397,801 ",$0 ,100.00%,"$28,681,803 ","$28,518,631 ","$163,172 ",99.40%,-8.60%,7,"$199,576 ","$199,576 ",$0 ,100.00%
,Arkansas,"28,496,827","24,370,062","4,126,765",85.50%,11.00%,15,"$26,999,917 ","$20,113,374 ","$6,886,543 ",74.50%,3.10%,20,"$742,059 ","$695,567 ","$46,492 ",93.70%,"$26,255,238 ","$18,745,631 ","$7,509,607 ",71.40%,-1.10%,22,"$712,541 ","$673,360 ","$39,181 ",94.50%,"$25,155,070 ","$18,227,078 ","$6,927,992 ",72.50%,-2.30%,23,"$650,362 ","$634,822 ","$15,540 ",97.60%,"$23,849,287 ","$17,840,827 ","$6,008,461 ",74.80%,-2.70%,22,"$569,776 ","$603,892 ","($34,116)",106.00%,"$22,724,578 ","$17,607,157 ","$5,117,420 ",77.50%,-9.70%,23,"$536,535 ","$553,203 ","($16,668)",103.10%,"$21,576,344 ","$18,811,399 ","$2,764,945 ",87.20%,0.00%,15,"$556,625 ","$558,433 ","($1,808)",100.30%,"$20,138,317 ","$17,554,603 ","$2,583,715 ",87.20%,5.10%,22,"$527,805 ","$529,524 ","($1,719)",100.30%,"$19,139,223 ","$15,715,131 ","$3,424,092 ",82.10%,0.50%,26,"$465,537 ","$502,412 ","($36,875)",107.90%,"$18,115,994 ","$14,792,832 ","$3,323,162 ",81.70%,-4.70%,25,"$410,809 ","$450,532 ","($39,724)",109.70%,"$16,488,595 ","$14,243,095 ","$2,245,500 ",86.40%,-3.40%,26,"$364,772 ","$370,133 ","($5,362)",101.50%,"$15,494,425 ","$13,908,370 ","$1,586,055 ",89.80%,-5.80%,25,"$336,996 ","$342,587 ","($5,591)",101.70%
,California,"646,418,986","493,436,931","152,982,055",76.30%,4.10%,25,"$610,304,199 ","$440,670,471 ","$169,633,728 ",72.20%,-4.60%,23,"$16,222,320 ","$11,348,776 ","$4,873,544 ",70.00%,"$567,751,143 ","$436,287,572 ","$131,463,571 ",76.80%,-0.40%,18,"$16,032,759 ","$11,538,446 ","$4,494,313 ",72.00%,"$548,905,977 ","$424,265,646 ","$124,640,331 ",77.30%,-1.10%,20,"$15,601,794 ","$11,191,156 ","$4,410,637 ",71.70%,"$516,306,424 ","$404,538,541 ","$111,767,883 ",78.40%,-2.30%,18,"$13,320,725 ","$10,027,924 ","$3,292,801 ",75.30%,"$490,585,000 ","$395,898,000 ","$94,687,000 ",80.70%,-6.00%,18,"$12,421,673 ","$10,137,985 ","$2,283,688 ",81.60%,"$455,156,785 ","$394,718,294 ","$60,438,491 ",86.70%,-0.90%,18,"$12,344,808 ","$10,432,440 ","$1,912,367 ",84.50%,"$422,969,927 ","$370,806,464 ","$52,163,463 ",87.70%,0.30%,21,"$11,110,380 ","$9,366,612 ","$1,743,768 ",84.30%,"$382,906,253 ","$334,506,491 ","$48,399,762 ",87.40%,0.50%,19,"$10,232,721 ","$8,789,162 ","$1,443,559 ",85.90%,"$355,483,412 ","$308,809,768 ","$46,673,644 ",86.90%,0.50%,20,"$9,786,581 ","$8,620,097 ","$1,166,484 ",88.10%,"$331,494,229 ","$286,371,128 ","$45,123,101 ",86.40%,-0.10%,25,"$8,016,315 ","$6,883,022 ","$1,133,294 ",85.90%,"$310,525,322 ","$268,702,893 ","$41,822,429 ",86.50%,-9.80%,30,"$4,752,542 ","$4,435,943 ","$316,599 ",93.30%
,Colorado,"68,848,418","44,229,312","24,619,106",64.20%,2.80%,41,"$66,920,789 ","$41,122,833 ","$25,797,956 ",61.50%,-1.80%,37,"$1,402,624 ","$1,102,081 ","$300,543 ",78.60%,"$61,790,595 ","$39,079,472 ","$22,711,123 ",63.20%,2.00%,35,"$1,173,595 ","$994,283 ","$179,312 ",84.70%,"$60,734,721 ","$37,185,067 ","$23,549,654 ",61.20%,-4.90%,41,"$1,056,886 ","$919,058 ","$137,828 ",87.00%,"$59,338,149 ","$39,229,261 ","$20,108,888 ",66.10%,-2.80%,36,"$1,346,763 ","$891,475 ","$455,288 ",66.20%,"$54,536,549 ","$37,598,988 ","$16,937,561 ",68.90%,-0.80%,32,"$1,161,478 ","$857,811 ","$303,667 ",73.90%,"$55,625,011 ","$38,811,963 ","$16,813,048 ",69.80%,-5.40%,40,"$1,141,081 ","$779,644 ","$361,437 ",68.30%,"$52,459,133 ","$39,415,525 ","$13,043,608 ",75.10%,1.00%,36,"$1,121,069 ","$676,586 ","$444,483 ",60.40%,"$49,490,604 ","$36,687,042 ","$12,803,562 ",74.10%,0.80%,37,"$978,924 ","$609,853 ","$369,071 ",62.30%,"$46,752,295 ","$34,273,195 ","$12,479,100 ",73.30%,2.70%,36,"$1,116,007 ","$550,548 ","$565,459 ",49.30%,"$43,570,473 ","$30,755,462 ","$12,815,011 ",70.60%,-5.00%,41,"$999,127 ","$518,561 ","$480,566 ",51.90%,"$40,492,108 ","$30,596,662 ","$9,895,446 ",75.60%,-12.80%,38,"$617,827 ","$426,615 ","$191,212 ",69.10%
,Connecticut,"53,187,915","26,881,236","26,306,679",50.50%,2.10%,47,"$48,949,911 ","$23,693,972 ","$25,255,939 ",48.40%,-0.70%,48,"$1,863,194 ","$1,861,655 ","$1,539 ",99.90%,"$48,200,472 ","$23,654,458 ","$24,546,014 ",49.10%,-6.00%,48,"$1,698,713 ","$1,698,684 ",$29 ,100.00%,"$44,899,473 ","$24,732,705 ","$20,166,768 ",55.10%,1.60%,48,"$1,541,878 ","$1,407,394 ","$134,484 ",91.30%,"$44,826,945 ","$23,959,545 ","$20,867,400 ",53.40%,-8.20%,48,"$1,472,051 ","$1,279,751 ","$192,300 ",86.90%,"$41,311,400 ","$25,452,900 ","$15,858,500 ",61.60%,0.00%,42,"$1,307,200 ","$1,252,934 ","$54,266 ",95.80%,"$41,311,400 ","$25,452,900 ","$15,858,500 ",61.60%,5.00%,46,"$1,248,860 ","$3,243,647 ","($1,994,787)",259.70%,"$35,262,100 ","$19,957,700 ","$15,304,400 ",56.60%,0.10%,49,"$1,092,300 ","$1,088,140 ","$4,160 ",99.60%,"$34,190,000 ","$19,311,400 ","$14,878,600 ",56.50%,-2.70%,49,"$1,031,049 ","$1,031,049 ",$0 ,100.00%,"$31,293,000 ","$18,524,700 ","$12,768,300 ",59.20%,-0.80%,48,"$809,866 ","$716,139 ","$93,727 ",88.40%,"$30,418,900 ","$18,235,900 ","$12,183,000 ",59.90%,-6.20%,48,"$756,144 ","$667,223 ","$88,922 ",88.20%,"$28,114,800 ","$18,588,700 ","$9,526,100 ",66.10%,-2.90%,47,"$657,236 ","$611,465 ","$45,771 ",93.00%
,Delaware,"9,925,413","9,169,696","755,717",92.40%,4.20%,9,"$9,262,484 ","$8,171,825 ","$1,090,659 ",88.20%,-0.10%,8,"$211,532 ","$208,339 ","$3,193 ",98.50%,"$8,899,785 ","$7,862,288 ","$1,037,497 ",88.30%,-2.30%,7,"$196,462 ","$194,272 ","$2,190 ",98.90%,"$8,417,097 ","$7,630,279 ","$786,818 ",90.70%,-1.40%,6,"$176,245 ","$172,426 ","$3,819 ",97.80%,"$7,922,174 ","$7,289,611 ","$632,563 ",92.00%,-2.30%,6,"$148,586 ","$144,236 ","$4,350 ",97.10%,"$7,615,166 ","$7,185,650 ","$429,516 ",94.40%,-4.00%,4,"$148,940 ","$143,793 ","$5,147 ",96.50%,"$7,278,622 ","$7,157,910 ","$120,712 ",98.30%,-0.30%,6,"$146,970 ","$141,714 ","$5,256 ",96.40%,"$6,893,718 ","$6,797,976 ","$95,742 ",98.60%,2.00%,8,"$140,062 ","$133,192 ","$6,870 ",95.10%,"$6,534,992 ","$6,310,990 ","$224,002 ",96.60%,0.10%,9,"$131,303 ","$126,774 ","$4,529 ",96.60%,"$6,151,059 ","$5,932,499 ","$218,560 ",96.40%,-1.20%,10,"$109,825 ","$101,900 ","$7,925 ",92.80%,"$5,762,310 ","$5,629,316 ","$132,994 ",97.70%,-2.80%,9,"$94,106 ","$85,837 ","$8,269 ",91.20%,"$5,314,490 ","$5,340,984 ","($26,494)",100.50%,-2.20%,5,"$76,136 ","$67,287 ","$8,849 ",88.40%
,Florida,"165,559,392","150,107,677","15,451,715",90.70%,9.80%,10,"$163,144,420 ","$131,900,961 ","$31,243,459 ",80.80%,-0.70%,10,"$2,631,174 ","$1,707,860 ","$923,314 ",64.90%,"$157,068,063 ","$128,112,127 ","$28,955,936 ",81.60%,-0.80%,11,"$2,547,416 ","$1,499,220 ","$1,048,196 ",58.90%,"$153,499,005 ","$126,369,512 ","$27,129,493 ",82.30%,0.50%,12,"$4,243,949 ","$3,387,140 ","$856,809 ",79.80%,"$148,116,907 ","$121,221,125 ","$26,895,782 ",81.80%,-2.30%,14,"$2,856,920 ","$3,048,317 ","($191,397)",106.70%,"$141,485,280 ","$119,039,831 ","$22,445,449 ",84.10%,-17.30%,14,"$2,931,110 ","$3,154,718 ","($223,608)",107.60%,"$129,196,897 ","$130,995,686 ","($1,798,789)",101.40%,-0.40%,2,"$3,004,519 ","$3,128,629 ","($124,110)",104.10%,"$123,537,571 ","$125,777,512 ","($2,239,941)",101.80%,0.30%,5,"$2,818,430 ","$3,052,191 ","($233,761)",108.30%,"$115,644,889 ","$117,352,423 ","($1,707,534)",101.50%,-5.90%,4,"$2,193,928 ","$2,106,171 ","$87,757 ",96.00%,"$103,925,498 ","$111,539,878 ","($7,614,380)",107.30%,-4.80%,1,"$2,141,862 ","$2,184,699 ","($42,837)",102.00%,"$95,185,433 ","$106,707,426 ","($11,521,993)",112.10%,-2.10%,1,"$2,044,540 ","$1,880,977 ","$163,563 ",92.00%,"$89,251,331 ","$101,906,724 ","($12,655,393)",114.20%,-0.80%,1,"$1,844,203 ","$1,807,319 ","$36,884 ",98.00%
,Georgia,"98,971,364","82,472,943","16,498,421",83.30%,3.90%,17,"$90,504,321 ","$71,845,410 ","$18,658,911 ",79.40%,-1.20%,16,"$1,567,656 ","$1,568,400 ",($744),100.00%,"$86,383,983 ","$69,608,144 ","$16,775,839 ",80.60%,-1.90%,12,"$1,375,335 ","$1,375,822 ",($487),100.00%,"$83,863,970 ","$69,180,337 ","$14,683,633 ",82.50%,-2.20%,11,"$1,361,767 ","$1,361,842 ",($75),100.00%,"$81,093,057 ","$68,670,204 ","$12,422,853 ",84.70%,-4.50%,10,"$1,330,043 ","$1,330,118 ",($75),100.00%,"$76,478,388 ","$68,176,168 ","$8,302,220 ",89.10%,-2.40%,8,"$1,316,945 ","$1,316,663 ",$282 ,100.00%,"$75,897,678 ","$69,512,775 ","$6,384,903 ",91.60%,-3.00%,10,"$1,279,379 ","$1,279,379 ",$0 ,100.00%,"$70,921,349 ","$67,059,624 ","$3,861,725 ",94.60%,-1.70%,13,"$1,206,779 ","$1,206,779 ",$0 ,100.00%,"$66,265,047 ","$63,802,272 ","$2,462,775 ",96.30%,-1.70%,10,"$1,120,316 ","$1,120,316 ",$0 ,100.00%,"$62,246,071 ","$61,020,696 ","$1,225,375 ",98.00%,-2.30%,8,"$1,062,085 ","$1,062,085 ",$0 ,100.00%,"$58,234,430 ","$58,438,615 ","($204,185)",100.40%,-0.80%,5,"$1,030,697 ","$1,030,697 ",$0 ,100.00%,"$55,159,268 ","$55,801,725 ","($642,457)",101.20%,-0.80%,4,"$1,018,966 ","$1,018,389 ",$577 ,99.90%
,Hawaii,"22,220,098","14,203,015","8,017,082",63.90%,3.90%,42,"$21,243,700 ","$12,748,800 ","$8,494,900 ",60.00%,0.80%,40,"$667,142 ","$581,447 ","$85,695 ",87.20%,"$20,683,400 ","$12,242,500 ","$8,440,900 ",59.20%,-0.20%,41,"$654,755 ","$548,353 ","$106,402 ",83.70%,"$20,096,900 ","$11,942,800 ","$8,154,100 ",59.40%,-2.00%,42,"$582,535 ","$534,858 ","$47,677 ",91.80%,"$18,483,700 ","$11,345,600 ","$7,138,100 ",61.40%,-3.30%,41,"$536,237 ","$547,613 ","($11,376)",102.10%,"$17,636,400 ","$11,400,100 ","$6,236,300 ",64.60%,-4.10%,40,"$526,538 ","$578,635 ","($52,097)",109.90%,"$16,549,069 ","$11,380,961 ","$5,168,108 ",68.80%,1.30%,42,"$510,727 ","$488,770 ","$21,957 ",95.70%,"$15,696,546 ","$10,589,773 ","$5,106,773 ",67.50%,2.50%,45,"$476,754 ","$454,494 ","$22,260 ",95.30%,"$14,661,399 ","$9,529,371 ","$5,132,028 ",65.00%,-3.70%,45,"$423,446 ","$423,446 ",$0 ,100.00%,"$12,985,989 ","$8,914,839 ","$4,071,150 ",68.60%,-3.00%,41,"$328,717 ","$328,717 ",$0 ,100.00%,"$12,271,331 ","$8,797,133 ","$3,474,198 ",71.70%,-4.20%,39,"$235,686 ","$235,686 ",$0 ,100.00%,"$11,952,057 ","$9,073,960 ","$2,878,097 ",75.90%,-8.10%,37,"$190,586 ","$190,586 ",$0 ,100.00%
,Idaho,"14,976,003","14,261,351","714,652",95.20%,9.70%,7,"$14,574,790 ","$12,472,519 ","$2,102,271 ",85.60%,0.70%,9,"$300,105 ","$302,304 ","($2,199)",100.70%,"$13,781,856 ","$11,704,299 ","$2,077,557 ",84.90%,-5.30%,9,"$338,779 ","$292,473 ","$46,306 ",86.30%,"$13,029,928 ","$11,762,140 ","$1,267,788 ",90.30%,11.50%,8,"$337,686 ","$294,428 ","$43,258 ",87.20%,"$12,589,300 ","$9,910,767 ","$2,678,533 ",78.70%,4.70%,17,"$265,835 ","$300,123 ","($34,288)",112.90%,"$12,132,845 ","$8,979,339 ","$3,153,506 ",74.00%,-19.20%,27,"$236,177 ","$299,806 ","($63,629)",126.90%,"$11,599,119 ","$10,814,536 ","$784,583 ",93.20%,-11.80%,9,"$258,982 ","$287,296 ","($28,314)",110.90%,"$10,816,497 ","$11,362,142 ","($545,645)",105.00%,10.30%,3,"$242,923 ","$273,464 ","($30,541)",112.60%,"$10,075,829 ","$9,543,936 ","$531,893 ",94.70%,1.30%,13,"$246,884 ","$264,625 ","($17,741)",107.20%,"$9,149,348 ","$8,551,336 ","$598,012 ",93.50%,2.50%,13,"$246,025 ","$249,773 ","($3,748)",101.50%,"$8,516,853 ","$7,745,106 ","$771,747 ",90.90%,8.00%,18,"$231,086 ","$226,157 ","$4,929 ",97.90%,"$7,949,400 ","$6,593,700 ","$1,355,700 ",82.90%,-1.10%,32,"$199,690 ","$218,651 ","($18,961)",109.50%
,Illinois,"190,178,814","78,630,074","111,548,740",41.30%,2.10%,49,"$165,458,123 ","$64,957,276 ","$100,500,847 ",39.30%,-1.10%,50,"$7,015,247 ","$5,893,783 ","$1,121,464 ",84.00%,"$158,611,516 ","$64,029,871 ","$94,581,645 ",40.40%,-3.00%,50,"$6,612,369 ","$5,010,518 ","$1,601,851 ",75.80%,"$146,460,001 ","$63,553,047 ","$82,906,954 ",43.40%,-2.00%,50,"$5,399,799 ","$4,298,066 ","$1,101,733 ",79.60%,"$138,794,302 ","$63,053,413 ","$75,740,889 ",45.40%,-5.20%,50,"$4,761,507 ","$4,130,844 ","$630,663 ",86.80%,"$126,435,510 ","$63,996,419 ","$62,439,091 ",50.60%,-3.70%,50,"$4,076,467 ","$2,896,284 ","$1,180,183 ",71.00%,"$119,084,440 ","$64,700,501 ","$54,383,939 ",54.30%,-8.30%,50,"$3,729,181 ","$2,156,267 ","$1,572,914 ",57.80%,"$112,908,645 ","$70,731,230 ","$42,177,415 ",62.60%,2.20%,47,"$3,665,597 ","$1,477,392 ","$2,188,205 ",40.30%,"$103,073,463 ","$62,341,331 ","$40,732,132 ",60.50%,0.20%,47,"$3,085,601 ","$1,025,341 ","$2,060,260 ",33.20%,"$97,178,993 ","$58,577,938 ","$38,601,055 ",60.30%,-0.70%,47,"$3,084,492 ","$1,737,157 ","$1,347,335 ",56.30%,"$89,832,401 ","$54,739,004 ","$35,093,398 ",60.90%,12.70%,46,"$3,056,353 ","$3,381,968 ","($325,615)",110.70%,"$83,825,154 ","$40,424,116 ","$43,401,038 ",48.20%,-5.30%,49,"$2,535,590 ","$1,688,571 ","$847,019 ",66.60%
,Indiana,"44,230,185","30,622,956","13,607,229",69.20%,4.50%,33,"$42,911,034 ","$27,783,243 ","$15,127,790 ",64.70%,3.80%,33,"$1,654,344 ","$1,981,356 ","($327,012)",119.80%,"$41,883,520 ","$25,528,563 ","$16,354,957 ",61.00%,-2.20%,39,"$1,733,433 ","$1,517,204 ","$216,229 ",87.50%,"$39,897,927 ","$25,198,439 ","$14,699,488 ",63.20%,-1.60%,39,"$1,704,823 ","$1,426,132 ","$278,691 ",83.70%,"$39,005,478 ","$25,242,799 ","$13,762,679 ",64.70%,-1.80%,37,"$1,476,131 ","$1,381,033 ","$95,099 ",93.60%,"$36,924,846 ","$24,561,132 ","$12,363,714 ",66.50%,-5.90%,37,"$1,293,765 ","$1,340,615 ","($46,850)",103.60%,"$35,640,073 ","$25,814,242 ","$9,825,830 ",72.40%,2.60%,38,"$1,232,347 ","$1,265,129 ","($32,783)",102.70%,"$34,714,499 ","$24,227,934 ","$10,486,565 ",69.80%,1.70%,42,"$1,155,715 ","$1,186,692 ","($30,977)",102.70%,"$31,995,969 ","$21,802,625 ","$10,193,344 ",68.10%,1.20%,42,"$1,056,485 ","$1,064,404 ","($7,919)",100.70%,"$29,941,535 ","$20,046,558 ","$9,894,977 ",67.00%,-1.80%,42,"$944,067 ","$819,219 ","$124,848 ",86.80%,"$27,584,086 ","$18,961,237 ","$8,622,849 ",68.70%,0.00%,43,"$920,248 ","$791,128 ","$129,119 ",86.00%,"$26,188,405 ","$18,002,914 ","$8,185,491 ",68.70%,2.70%,44,"$899,398 ","$925,576 ","($26,177)",102.90%
,Iowa,"32,704,232","28,586,719","4,117,513",87.40%,6.70%,13,"$31,175,536 ","$25,157,891 ","$6,017,645 ",80.70%,1.20%,11,"$641,718 ","$622,272 ","$19,446 ",97.00%,"$30,096,586 ","$23,940,276 ","$6,156,310 ",79.50%,0.00%,14,"$593,442 ","$577,362 ","$16,079 ",97.30%,"$28,883,186 ","$22,973,672 ","$5,909,514 ",79.50%,-1.50%,17,"$591,509 ","$485,691 ","$105,818 ",82.10%,"$27,057,850 ","$21,927,433 ","$5,130,417 ",81.00%,0.20%,15,"$524,877 ","$465,498 ","$59,379 ",88.70%,"$26,602,516 ","$21,517,286 ","$5,085,230 ",80.90%,-7.80%,16,"$495,196 ","$430,959 ","$64,237 ",87.00%,"$25,080,757 ","$22,252,912 ","$2,827,845 ",88.70%,-1.10%,13,"$453,980 ","$389,574 ","$64,406 ",85.80%,"$23,556,799 ","$21,149,616 ","$2,407,183 ",89.80%,1.70%,17,"$431,825 ","$351,366 ","$80,459 ",81.40%,"$22,133,637 ","$19,497,960 ","$2,635,678 ",88.10%,-0.30%,17,"$404,072 ","$332,534 ","$71,538 ",82.30%,"$20,688,688 ","$18,284,924 ","$2,403,764 ",88.40%,0.10%,16,"$379,152 ","$318,325 ","$60,828 ",84.00%,"$19,566,334 ","$17,274,127 ","$2,292,207 ",88.30%,-1.10%,22,"$342,609 ","$306,466 ","$36,143 ",89.50%,"$18,387,034 ","$16,436,937 ","$1,950,097 ",89.40%,-3.00%,26,"$301,680 ","$295,103 ","$6,577 ",97.80%
,Kansas,"24,827,591","16,535,797","8,291,794",66.60%,6.70%,37,"$24,328,670 ","$14,562,765 ","$9,765,906 ",59.90%,3.40%,42,"$825,197 ","$618,898 ","$206,299 ",75.00%,"$23,531,423 ","$13,278,490 ","$10,252,933 ",56.40%,-2.80%,44,"$843,362 ","$565,052 ","$278,309 ",67.00%,"$22,607,170 ","$13,379,020 ","$9,228,150 ",59.20%,-3.00%,43,"$709,964 ","$525,374 ","$184,591 ",74.00%,"$21,853,783 ","$13,589,658 ","$8,264,125 ",62.20%,-1.50%,40,"$682,062 ","$491,767 ","$190,295 ",72.10%,"$21,138,206 ","$13,461,221 ","$7,676,985 ",63.70%,4.90%,41,"$660,834 ","$449,367 ","$211,467 ",68.00%,"$20,106,787 ","$11,827,619 ","$8,279,168 ",58.80%,-11.90%,49,"$607,662 ","$395,588 ","$212,074 ",65.10%,"$18,984,915 ","$13,433,115 ","$5,551,800 ",70.80%,1.30%,40,"$531,292 ","$339,496 ","$191,796 ",63.90%,"$17,552,790 ","$12,189,197 ","$5,363,593 ",69.40%,0.70%,41,"$471,424 ","$298,883 ","$172,541 ",63.40%,"$16,491,762 ","$11,339,293 ","$5,152,469 ",68.80%,-1.10%,40,"$381,791 ","$261,909 ","$119,882 ",68.60%,"$15,714,092 ","$10,971,427 ","$4,742,665 ",69.80%,-5.30%,42,"$338,880 ","$235,183 ","$103,697 ",69.40%,"$14,439,546 ","$10,853,462 ","$3,586,084 ",75.20%,-2.40%,39,"$282,330 ","$222,758 ","$59,572 ",78.90%
,Kentucky,"53,177,855","21,791,819","31,386,036",41.00%,-3.20%,50,"$42,044,122 ","$18,572,736 ","$23,471,386 ",44.20%,-2.60%,49,"$1,351,435 ","$907,037 ","$444,397 ",67.10%,"$40,121,012 ","$18,765,565 ","$21,355,447 ",46.80%,-3.80%,49,"$1,252,121 ","$814,269 ","$437,852 ",65.00%,"$38,883,793 ","$19,647,575 ","$19,236,218 ",50.50%,-3.80%,49,"$1,112,167 ","$1,268,964 ","($156,797)",114.10%,"$37,006,999 ","$20,103,022 ","$16,903,977 ",54.30%,-3.90%,47,"$1,023,900 ","$594,267 ","$429,633 ",58.00%,"$35,686,737 ","$20,767,783 ","$14,918,954 ",58.20%,-5.60%,47,"$931,325 ","$542,310 ","$389,015 ",58.20%,"$34,094,002 ","$21,765,573 ","$12,328,429 ",63.80%,-3.90%,43,"$859,305 ","$569,913 ","$289,392 ",66.30%,"$32,125,405 ","$21,772,612 ","$10,352,793 ",67.80%,-1.90%,44,"$696,131 ","$531,505 ","$164,626 ",76.40%,"$30,659,476 ","$21,355,671 ","$9,303,806 ",69.70%,-6.50%,40,"$564,361 ","$483,740 ","$80,620 ",85.70%,"$27,915,133 ","$21,260,991 ","$6,654,143 ",76.20%,-6.70%,33,"$484,592 ","$448,555 ","$36,037 ",92.60%,"$25,776,631 ","$21,348,110 ","$4,428,520 ",82.80%,-5.50%,30,"$425,652 ","$399,814 ","$25,838 ",93.90%,"$24,139,011 ","$21,307,773 ","$2,831,239 ",88.30%,-6.10%,28,"$338,248 ","$339,791 ","($1,543)",100.50%
,Louisiana,"49,273,473","32,002,341","17,271,133",64.90%,6.90%,39,"$45,401,756 ","$26,377,183 ","$19,024,572 ",58.10%,2.20%,44,"$2,037,367 ","$1,947,843 ","$89,523 ",95.60%,"$43,736,103 ","$24,430,255 ","$19,305,848 ",55.90%,-0.40%,46,"$1,971,426 ","$1,911,610 ","$59,816 ",97.00%,"$42,312,417 ","$23,800,372 ","$18,512,045 ",56.20%,0.30%,47,"$1,889,321 ","$1,671,579 ","$217,743 ",88.50%,"$41,356,966 ","$23,122,629 ","$18,234,337 ",55.90%,-4.10%,45,"$1,599,612 ","$1,348,927 ","$250,685 ",84.30%,"$39,657,925 ","$23,806,649 ","$15,851,276 ",60.00%,-9.60%,44,"$1,361,058 ","$1,323,638 ","$37,420 ",97.30%,"$38,350,804 ","$26,692,070 ","$11,658,734 ",69.60%,-0.80%,41,"$1,160,051 ","$1,337,933 ","($177,882)",115.30%,"$35,729,367 ","$25,145,001 ","$10,584,366 ",70.40%,3.30%,41,"$1,078,856 ","$1,130,806 ","($51,949)",104.80%,"$33,358,313 ","$22,379,594 ","$10,978,719 ",67.10%,2.90%,43,"$1,066,312 ","$1,047,607 ","$18,705 ",98.20%,"$31,952,737 ","$20,501,871 ","$11,450,866 ",64.20%,1.50%,43,"$1,046,744 ","$1,052,142 ","($5,398)",100.50%,"$30,603,130 ","$19,177,223 ","$11,425,907 ",62.70%,-5.70%,45,"$974,049 ","$903,637 ","$70,412 ",92.80%,"$29,171,602 ","$19,955,089 ","$9,216,513 ",68.40%,-5.20%,45,"$846,265 ","$821,657 ","$24,608 ",97.10%
,Maine,"14,991,882","12,861,703","2,130,180",85.80%,6.20%,14,"$14,394,317 ","$11,451,994 ","$2,942,323 ",79.60%,0.50%,15,"$291,503 ","$291,503 ",$0 ,100.00%,"$14,011,605 ","$11,076,487 ","$2,935,118 ",79.10%,-1.20%,15,"$274,914 ","$275,230 ",($316),100.10%,"$13,602,833 ","$10,914,716 ","$2,688,117 ",80.20%,9.90%,16,"$345,837 ","$351,705 ","($5,868)",101.70%,"$14,799,200 ","$10,415,100 ","$4,384,100 ",70.40%,-2.30%,31,"$330,300 ","$341,526 ","($11,226)",103.40%,"$14,410,000 ","$10,466,900 ","$3,943,100 ",72.60%,-7.00%,30,"$331,700 ","$331,700 ",$0 ,100.00%,"$13,674,901 ","$10,892,728 ","$2,782,173 ",79.70%,-0.10%,28,"$305,361 ","$305,361 ",$0 ,100.00%,"$13,089,400 ","$10,437,100 ","$2,652,300 ",79.70%,2.60%,31,"$303,076 ","$302,682 ",$394 ,99.90%,"$12,357,418 ","$9,530,599 ","$2,826,820 ",77.10%,1.10%,33,"$294,888 ","$312,017 ","($17,129)",105.80%,"$11,689,732 ","$8,888,156 ","$2,801,576 ",76.00%,1.30%,34,"$269,286 ","$282,292 ","($13,007)",104.80%,"$11,068,597 ","$8,273,560 ","$2,795,037 ",74.70%,0.40%,36,"$259,148 ","$290,572 ","($31,424)",112.10%,"$10,471,289 ","$7,787,205 ","$2,684,084 ",74.40%,-2.60%,42,"$261,213 ","$285,646 ","($24,433)",109.40%
,Maryland,"63,928,070","45,551,291","18,376,779",71.30%,5.90%,31,"$60,536,766 ","$39,544,735 ","$20,992,031 ",65.30%,1.10%,32,"$2,179,666 ","$1,667,719 ","$511,947 ",76.50%,"$58,304,950 ","$37,437,320 ","$20,867,630 ",64.20%,-0.30%,31,"$2,053,679 ","$1,432,091 ","$621,588 ",69.70%,"$56,336,669 ","$36,350,594 ","$19,986,075 ",64.50%,0.60%,37,"$1,934,608 ","$1,420,920 ","$513,688 ",73.40%,"$54,498,265 ","$34,842,501 ","$19,655,764 ",63.90%,-0.90%,39,"$1,544,873 ","$1,344,944 ","$199,929 ",87.10%,"$53,054,565 ","$34,420,515 ","$18,634,050 ",64.90%,-13.50%,39,"$1,338,342 ","$1,130,644 ","$207,698 ",84.50%,"$50,561,824 ","$39,635,725 ","$10,926,099 ",78.40%,-1.70%,30,"$1,208,497 ","$1,077,796 ","$130,701 ",89.20%,"$47,458,466 ","$38,007,156 ","$9,451,310 ",80.10%,-2.40%,30,"$1,046,844 ","$851,909 ","$194,935 ",81.40%,"$43,537,681 ","$35,903,594 ","$7,634,087 ",82.50%,-5.40%,24,"$894,514 ","$737,180 ","$157,334 ",82.40%,"$39,389,209 ","$34,618,569 ","$4,770,640 ",87.90%,-3.90%,18,"$825,259 ","$684,965 ","$140,294 ",83.00%,"$36,573,883 ","$33,575,129 ","$2,998,754 ",91.80%,-1.10%,17,"$729,819 ","$649,539 ","$80,280 ",89.00%,"$35,193,398 ","$32,707,845 ","$2,485,553 ",92.90%,-1.40%,19,"$671,123 ","$617,433 ","$53,690 ",92.00%
,Massachusetts,"77,981,914","52,563,327","25,418,588",67.40%,6.00%,34,"$74,736,194 ","$45,894,034 ","$28,842,160 ",61.40%,0.60%,38,"$1,963,268 ","$1,576,235 ","$387,033 ",80.30%,"$71,621,732 ","$43,517,498 ","$28,104,234 ",60.80%,-4.50%,40,"$1,669,230 ","$1,458,813 ","$210,417 ",87.40%,"$67,283,758 ","$43,942,119 ","$23,341,639 ",65.30%,-6.10%,35,"$1,333,749 ","$1,375,013 ","($41,264)",103.10%,"$63,937,435 ","$45,630,507 ","$18,306,928 ",71.40%,3.50%,28,"$1,869,172 ","$1,209,305 ","$659,867 ",64.70%,"$61,273,676 ","$41,589,706 ","$19,683,970 ",67.90%,4.90%,34,"$1,593,511 ","$1,039,496 ","$554,015 ",65.20%,"$58,817,155 ","$37,057,703 ","$21,759,452 ",63.00%,-16.10%,45,"$1,226,526 ","$1,368,788 ","($142,262)",111.60%,"$56,260,710 ","$44,531,642 ","$11,729,068 ",79.20%,3.40%,33,"$1,298,747 ","$1,274,110 ","$24,637 ",98.10%,"$53,228,856 ","$40,321,052 ","$12,907,804 ",75.80%,3.50%,34,"$1,320,178 ","$1,242,751 ","$77,427 ",94.10%,"$50,335,642 ","$36,365,338 ","$13,970,304 ",72.20%,-0.90%,38,"$1,176,268 ","$1,183,296 ","($7,028)",100.60%,"$47,764,000 ","$34,934,000 ","$12,830,000 ",73.10%,-1.60%,38,"$1,035,185 ","$651,594 ","$383,591 ",62.90%,"$45,403,000 ","$33,925,000 ","$11,478,000 ",74.70%,4.40%,41,"$1,124,870 ","$751,077 ","$373,793 ",66.80%
,Michigan,"84,565,036","56,424,415","28,140,621",66.70%,6.80%,36,"$81,699,846 ","$48,925,811 ","$32,774,035 ",59.90%,-1.40%,41,"$2,614,804 ","$2,024,762 ","$590,043 ",77.40%,"$80,519,650 ","$49,348,939 ","$31,170,711 ",61.30%,-3.80%,38,"$2,320,221 ","$1,920,174 ","$400,047 ",82.80%,"$81,133,844 ","$52,804,804 ","$28,329,040 ",65.10%,-6.50%,36,"$1,919,306 ","$1,666,077 ","$253,230 ",86.80%,"$77,847,965 ","$55,721,437 ","$22,126,528 ",71.60%,-7.30%,27,"$1,646,859 ","$1,455,893 ","$190,965 ",88.40%,"$72,911,870 ","$57,509,500 ","$15,402,370 ",78.90%,-4.80%,21,"$1,381,577 ","$1,383,286 ","($1,709)",100.10%,"$70,320,300 ","$58,842,700 ","$11,477,600 ",83.70%,-4.60%,20,"$1,249,909 ","$1,392,709 ","($142,800)",111.40%,"$66,172,900 ","$58,406,400 ","$7,766,500 ",88.30%,1.20%,20,"$1,272,277 ","$1,014,307 ","$257,970 ",79.70%,"$63,763,200 ","$55,531,000 ","$8,232,200 ",87.10%,7.50%,20,"$1,568,775 ","$1,296,345 ","$272,430 ",82.60%,"$62,345,400 ","$49,633,900 ","$12,711,500 ",79.60%,-4.50%,30,"$1,366,865 ","$1,060,153 ","$306,712 ",77.60%,"$60,006,400 ","$50,499,500 ","$9,506,900 ",84.20%,-3.20%,28,"$1,271,035 ","$829,013 ","$442,022 ",65.20%,"$58,140,300 ","$50,763,400 ","$7,376,900 ",87.30%,-5.90%,29,"$1,023,654 ","$803,130 ","$220,524 ",78.50%
,Minnesota,"72,803,264","59,587,598","13,215,666",81.80%,7.20%,18,"$64,209,183 ","$47,953,245 ","$16,255,938 ",74.70%,-0.40%,19,"$1,364,221 ","$973,640 ","$390,581 ",71.40%,"$62,720,384 ","$47,111,760 ","$15,608,624 ",75.10%,-3.40%,20,"$1,159,547 ","$934,199 ","$225,348 ",80.60%,"$59,375,671 ","$46,632,662 ","$12,743,009 ",78.50%,-1.60%,18,"$1,055,451 ","$889,612 ","$165,839 ",84.30%,"$57,604,243 ","$46,183,725 ","$11,420,518 ",80.20%,3.10%,16,"$1,325,843 ","$862,521 ","$463,322 ",65.10%,"$60,835,351 ","$46,879,567 ","$13,955,784 ",77.10%,-4.30%,24,"$1,128,965 ","$831,438 ","$297,527 ",73.60%,"$57,841,634 ","$47,070,127 ","$10,771,507 ",81.40%,-2.80%,25,"$1,036,509 ","$769,512 ","$266,997 ",74.20%,"$56,321,214 ","$47,419,095 ","$8,902,119 ",84.20%,-3.20%,24,"$864,523 ","$697,495 ","$167,028 ",80.70%,"$53,206,489 ","$46,516,210 ","$6,690,279 ",87.40%,-2.50%,18,"$739,064 ","$625,271 ","$113,794 ",84.60%,"$48,824,764 ","$43,886,691 ","$4,938,073 ",89.90%,-2.60%,15,"$636,180 ","$564,712 ","$71,468 ",88.80%,"$46,481,491 ","$42,971,912 ","$3,509,579 ",92.40%,-3.40%,15,"$575,307 ","$542,818 ","$32,489 ",94.40%,"$44,199,133 ","$42,349,547 ","$1,849,586 ",95.80%,-4.40%,13,"$520,185 ","$540,849 ","($20,664)",104.00%
,Mississippi,"37,481,350","25,219,604","12,261,746",67.30%,9.70%,35,"$36,343,989 ","$20,928,447 ","$15,415,542 ",57.60%,-0.30%,45,"$915,228 ","$915,735 ",($507),100.10%,"$35,290,396 ","$20,429,973 ","$14,860,423 ",57.90%,-4.20%,43,"$800,199 ","$805,271 ","($5,072)",100.60%,"$33,451,106 ","$20,774,640 ","$12,676,466 ",62.10%,-1.90%,40,"$754,363 ","$758,578 ","($4,215)",100.60%,"$32,201,243 ","$20,613,743 ","$11,587,500 ",64.00%,-3.20%,38,"$762,327 ","$766,014 ","($3,687)",100.50%,"$31,386,747 ","$21,094,468 ","$10,292,279 ",67.20%,-5.60%,35,"$741,066 ","$743,192 ","($2,126)",100.30%,"$29,300,018 ","$21,335,241 ","$7,964,777 ",72.80%,-0.70%,36,"$662,693 ","$644,510 ","$18,183 ",97.30%,"$27,628,507 ","$20,302,344 ","$7,326,163 ",73.50%,0.20%,38,"$647,369 ","$584,772 ","$62,597 ",90.30%,"$25,676,515 ","$18,811,873 ","$6,864,642 ",73.30%,1.10%,38,"$539,027 ","$539,258 ",($231),100.00%,"$24,463,000 ","$17,661,960 ","$6,801,040 ",72.20%,-2.50%,39,"$506,513 ","$506,372 ",$141 ,100.00%,"$23,569,820 ","$17,605,280 ","$5,964,540 ",74.70%,-4.10%,37,"$451,693 ","$452,291 ",($598),100.10%,"$22,199,810 ","$17,500,040 ","$4,699,770 ",78.80%,-4.30%,36,"$429,192 ","$431,182 ","($1,990)",100.50%
,Missouri,"61,888,322","52,786,510","9,101,811",85.30%,8.70%,16,"$59,188,742 ","$45,335,949 ","$13,852,794 ",76.60%,-1.40%,18,"$1,162,244 ","$1,299,098 ","($136,854)",111.80%,"$56,985,830 ","$44,463,047 ","$12,522,783 ",78.00%,-3.90%,17,"$1,344,600 ","$1,244,510 ","$100,090 ",92.60%,"$54,708,229 ","$44,816,371 ","$9,891,858 ",81.90%,4.90%,14,"$1,273,797 ","$1,184,163 ","$89,635 ",93.00%,"$57,205,874 ","$44,055,363 ","$13,150,511 ",77.00%,-2.40%,19,"$1,204,069 ","$1,136,153 ","$67,916 ",94.40%,"$55,228,504 ","$43,855,297 ","$11,373,207 ",79.40%,-3.50%,20,"$1,225,512 ","$1,108,463 ","$117,049 ",90.40%,"$53,004,863 ","$43,958,721 ","$9,046,142 ",82.90%,-0.20%,23,"$1,219,871 ","$1,072,027 ","$147,844 ",87.90%,"$49,659,490 ","$41,307,101 ","$8,352,389 ",83.20%,1.60%,26,"$1,194,679 ","$1,001,215 ","$193,464 ",83.80%,"$46,257,388 ","$37,754,862 ","$8,502,526 ",81.60%,0.20%,27,"$1,112,524 ","$916,034 ","$196,490 ",82.30%,"$43,065,066 ","$35,083,540 ","$7,981,526 ",81.50%,0.40%,27,"$1,034,969 ","$810,204 ","$224,766 ",78.30%,"$40,594,576 ","$32,902,865 ","$7,691,712 ",81.10%,-0.90%,31,"$858,290 ","$730,314 ","$127,977 ",85.10%,"$38,147,220 ","$31,249,244 ","$6,897,977 ",81.90%,-11.10%,33,"$704,836 ","$680,244 ","$24,591 ",96.50%
,Montana,"12,990,247","9,869,365","3,120,882",76.00%,2.70%,26,"$11,269,421 ","$8,257,429 ","$3,011,992 ",73.30%,9.40%,22,"$240,947 ","$201,071 ","$39,876 ",83.50%,"$11,907,949 ","$7,605,142 ","$4,302,807 ",63.90%,-2.40%,32,"$282,488 ","$196,159 ","$86,330 ",69.40%,"$11,410,856 ","$7,559,281 ","$3,851,575 ",66.20%,-3.80%,34,"$260,399 ","$195,621 ","$64,778 ",75.10%,"$11,029,954 ","$7,722,161 ","$3,307,793 ",70.00%,-4.30%,33,"$243,754 ","$196,679 ","$47,076 ",80.70%,"$10,271,027 ","$7,631,780 ","$2,639,247 ",74.30%,-9.10%,26,"$196,002 ","$180,394 ","$15,608 ",92.00%,"$9,691,633 ","$8,083,250 ","$1,608,383 ",83.40%,-0.30%,22,"$216,330 ","$211,896 ","$4,433 ",98.00%,"$9,136,270 ","$7,644,929 ","$1,491,341 ",83.70%,3.20%,25,"$176,622 ","$198,917 ","($22,296)",112.60%,"$8,584,710 ","$6,908,951 ","$1,675,759 ",80.50%,2.70%,30,"$168,655 ","$239,817 ","($71,162)",142.20%,"$8,124,765 ","$6,316,332 ","$1,808,433 ",77.70%,-1.90%,32,"$145,241 ","$131,942 ","$13,299 ",90.80%,"$7,698,594 ","$6,135,084 ","$1,563,510 ",79.70%,-11.10%,34,"$137,561 ","$128,796 ","$8,765 ",93.60%,"$6,768,282 ","$6,145,523 ","$622,759 ",90.80%,0.00%,24,"$125,973 ","$125,331 ",$642 ,99.50%
,Nebraska,"12,516,428","11,642,713","873,716",93.00%,13.10%,8,"$11,983,123 ","$9,581,947 ","$2,401,176 ",80.00%,1.10%,14,"$282,822 ","$242,576 ","$40,247 ",85.80%,"$11,484,451 ","$9,058,379 ","$2,426,073 ",78.90%,-2.90%,16,"$248,529 ","$225,432 ","$23,097 ",90.70%,"$10,561,045 ","$8,636,514 ","$1,924,531 ",81.80%,-2.00%,15,"$230,824 ","$210,127 ","$20,698 ",91.00%,"$9,969,089 ","$8,355,790 ","$1,613,299 ",83.80%,-3.80%,11,"$202,150 ","$202,150 ",$0 ,100.00%,"$9,427,370 ","$8,260,397 ","$1,166,973 ",87.60%,-3.90%,10,"$180,401 ","$180,401 ",$0 ,100.00%,"$8,894,328 ","$8,139,579 ","$754,748 ",91.50%,-0.60%,11,"$169,068 ","$169,068 ",$0 ,100.00%,"$8,178,246 ","$7,532,341 ","$645,905 ",92.10%,3.40%,15,"$162,168 ","$162,168 ",$0 ,100.00%,"$7,421,452 ","$6,580,177 ","$841,275 ",88.70%,1.10%,15,"$163,261 ","$163,261 ",$0 ,100.00%,"$6,954,867 ","$6,092,145 ","$862,722 ",87.60%,-1.30%,19,"$146,900 ","$133,772 ","$13,128 ",91.10%,"$6,532,314 ","$5,808,687 ","$723,626 ",88.90%,-3.10%,21,"$124,661 ","$124,540 ",$121 ,99.90%,"$6,065,355 ","$5,583,361 ","$481,994 ",92.10%,-3.90%,22,"$117,091 ","$116,445 ",$646 ,99.40%
,Nevada,"44,111,222","33,672,067","10,439,155",76.30%,7.00%,24,"$42,092,185 ","$29,186,234 ","$12,905,950 ",69.30%,-1.60%,25,"$1,523,801 ","$1,316,485 ","$207,316 ",86.40%,"$38,703,611 ","$27,466,740 ","$11,236,871 ",71.00%,0.80%,23,"$1,391,350 ","$1,338,624 ","$52,726 ",96.20%,"$36,969,843 ","$25,931,848 ","$11,037,995 ",70.10%,-0.30%,24,"$1,436,433 ","$1,270,564 ","$165,869 ",88.50%,"$35,163,755 ","$24,776,915 ","$10,386,840 ",70.50%,-2.00%,30,"$1,394,102 ","$1,286,491 ","$107,611 ",92.30%,"$33,148,347 ","$24,015,893 ","$9,132,454 ",72.40%,-3.70%,31,"$1,344,489 ","$1,217,293 ","$127,196 ",90.50%,"$30,569,047 ","$23,281,693 ","$7,287,354 ",76.20%,-1.00%,33,"$1,262,309 ","$1,171,265 ","$91,044 ",92.80%,"$27,739,551 ","$21,403,399 ","$6,336,152 ",77.20%,2.30%,34,"$1,096,348 ","$1,050,873 ","$45,475 ",95.90%,"$25,794,651 ","$19,312,413 ","$6,482,238 ",74.90%,-0.80%,35,"$1,058,784 ","$969,789 ","$88,995 ",91.60%,"$23,658,922 ","$17,910,312 ","$5,748,610 ",75.70%,-2.90%,35,"$932,074 ","$932,261 ",($187),100.00%,"$21,429,779 ","$16,849,193 ","$4,580,586 ",78.60%,-2.60%,35,"$867,487 ","$859,242 ","$8,245 ",99.00%,"$19,575,633 ","$15,892,062 ","$3,683,571 ",81.20%,-1.20%,34,"$805,171 ","$724,272 ","$80,899 ",90.00%
,New Hampshire,"11,227,612","7,437,551","3,790,061",66.20%,9.50%,38,"$10,780,075 ","$6,112,228 ","$4,667,846 ",56.70%,0.50%,46,"$254,249 ","$254,249 ",$0 ,100.00%,"$10,432,906 ","$5,859,429 ","$4,573,477 ",56.20%,-1.30%,45,"$257,343 ","$257,343 ",$0 ,100.00%,"$10,058,077 ","$5,784,530 ","$4,273,547 ",57.50%,-1.00%,46,"$276,939 ","$276,939 ",$0 ,100.00%,"$9,013,758 ","$5,277,853 ","$3,735,905 ",58.60%,0.10%,43,"$271,582 ","$271,585 ",($3),100.00%,"$8,529,993 ","$4,987,920 ","$3,542,073 ",58.50%,-16.60%,46,"$262,984 ","$197,677 ","$65,308 ",75.20%,"$7,130,967 ","$5,352,635 ","$1,778,332 ",75.10%,7.90%,35,"$251,936 ","$189,306 ","$62,630 ",75.10%,"$7,306,867 ","$4,907,236 ","$2,399,631 ",67.20%,5.60%,46,"$179,297 ","$179,297 ",$0 ,100.00%,"$6,450,028 ","$3,973,250 ","$2,476,778 ",61.60%,1.10%,46,"$171,752 ","$171,752 ",$0 ,100.00%,"$6,038,179 ","$3,655,780 ","$2,382,399 ",60.50%,-10.80%,45,"$133,847 ","$133,847 ",$0 ,100.00%,"$5,073,547 ","$3,618,441 ","$1,455,106 ",71.30%,-3.60%,40,"$123,360 ","$123,360 ",$0 ,100.00%,"$4,669,192 ","$3,500,037 ","$1,169,155 ",75.00%,-7.10%,40,"$88,258 ","$88,258 ",$0 ,100.00%
,New Jersey,"196,607,997","83,482,447","113,125,550",42.50%,-20.30%,48,"$137,147,257 ","$86,122,541 ","$51,024,716 ",62.80%,-1.70%,35,"$5,668,971 ","$2,671,410 ","$2,997,561 ",47.10%,"$133,148,464 ","$85,938,990 ","$47,209,474 ",64.50%,-3.00%,30,"$5,545,701 ","$2,140,168 ","$3,405,533 ",38.60%,"$128,463,551 ","$86,721,774 ","$41,741,777 ",67.50%,-3.00%,29,"$5,438,091 ","$1,755,249 ","$3,682,842 ",32.30%,"$123,234,638 ","$86,928,471 ","$36,306,167 ",70.50%,4.50%,29,"$4,506,227 ","$1,434,256 ","$3,071,972 ",31.80%,"$134,928,225 ","$89,119,531 ","$45,808,694 ",66.00%,-6.60%,38,"$4,053,524 ","$1,448,873 ","$2,604,652 ",35.70%,"$125,807,485 ","$91,373,430 ","$34,434,055 ",72.60%,-3.30%,37,"$3,719,156 ","$2,135,170 ","$1,583,986 ",57.40%,"$117,982,253 ","$89,624,236 ","$28,358,017 ",76.00%,-1.60%,35,"$3,060,897 ","$1,743,818 ","$1,317,079 ",57.00%,"$110,447,682 ","$85,640,375 ","$24,807,308 ",77.50%,-4.00%,32,"$2,194,768 ","$598,129 ","$1,596,638 ",27.30%,"$102,527,427 ","$83,609,275 ","$18,918,152 ",81.50%,-5.70%,26,"$1,692,580 ","$252,844 ","$1,439,736 ",14.90%,"$94,864,592 ","$82,751,586 ","$12,113,006 ",87.20%,-6.30%,23,"$1,227,542 ","$100,377 ","$1,127,165 ",8.20%,"$88,265,327 ","$82,526,013 ","$5,739,315 ",93.50%,-7.90%,18,"$650,403 ","$25,819 ","$624,584 ",4.00%
,New Mexico,"35,025,728","25,959,117","9,066,609",74.10%,7.40%,29,"$33,680,797 ","$22,459,639 ","$11,221,159 ",66.70%,3.50%,28,"$1,014,521 ","$592,259 ","$422,263 ",58.40%,"$33,886,625 ","$21,397,288 ","$12,489,337 ",63.10%,-3.80%,36,"$874,924 ","$535,669 ","$339,255 ",61.20%,"$32,368,087 ","$21,679,251 ","$10,688,837 ",67.00%,-5.40%,31,"$741,733 ","$599,647 ","$142,086 ",80.80%,"$30,184,912 ","$21,848,780 ","$8,336,132 ",72.40%,-3.80%,24,"$692,779 ","$610,981 ","$81,798 ",88.20%,"$29,004,202 ","$22,094,319 ","$6,909,883 ",76.20%,-6.70%,25,"$683,886 ","$641,875 ","$42,011 ",93.90%,"$26,899,138 ","$22,283,751 ","$4,615,387 ",82.80%,0.70%,24,"$666,345 ","$590,683 ","$75,662 ",88.60%,"$25,329,712 ","$20,805,531 ","$4,524,181 ",82.10%,1.70%,27,"$639,542 ","$532,007 ","$107,535 ",83.20%,"$23,389,484 ","$18,824,997 ","$4,564,487 ",80.50%,-0.80%,29,"$541,441 ","$481,874 ","$59,567 ",89.00%,"$21,655,482 ","$17,601,741 ","$4,053,741 ",81.30%,-2.80%,28,"$467,889 ","$436,945 ","$30,944 ",93.40%,"$20,036,440 ","$16,852,960 ","$3,183,480 ",84.10%,-5.10%,29,"$416,068 ","$416,435 ",($367),100.10%,"$18,622,290 ","$16,621,180 ","$2,001,110 ",89.30%,-5.60%,27,"$397,070 ","$396,734 ",$336 ,99.90%
,New York,"193,065,921","189,412,416","3,653,505",98.10%,9.40%,6,"$175,131,000 ","$155,285,000 ","$19,846,000 ",88.70%,1.30%,6,"$5,336,045 ","$5,336,045 ",$0 ,100.00%,"$169,266,000 ","$147,809,000 ","$21,457,000 ",87.30%,-3.10%,8,"$4,585,177 ","$4,585,177 ",$0 ,100.00%,"$164,256,000 ","$148,600,000 ","$15,656,000 ",90.50%,-3.90%,7,"$4,164,571 ","$4,164,571 ",$0 ,100.00%,"$156,572,000 ","$147,712,000 ","$8,860,000 ",94.30%,-7.10%,5,"$2,344,222 ","$2,344,222 ",$0 ,100.00%,"$146,733,000 ","$148,861,000 ","($2,128,000)",101.50%,-5.90%,1,"$2,456,223 ","$2,456,223 ",$0 ,100.00%,"$141,255,000 ","$151,683,000 ","($10,428,000)",107.40%,1.50%,1,"$2,648,450 ","$2,648,450 ",$0 ,100.00%,"$134,599,000 ","$142,495,000 ","($7,896,000)",105.90%,1.60%,2,"$2,718,551 ","$2,718,551 ",$0 ,100.00%,"$126,638,000 ","$132,036,000 ","($5,398,000)",104.30%,1.20%,2,"$2,782,147 ","$2,782,147 ",$0 ,100.00%,"$120,026,000 ","$123,745,000 ","($3,719,000)",103.10%,2.10%,4,"$2,964,842 ","$2,964,842 ",$0 ,100.00%,"$116,203,000 ","$117,386,000 ","($1,183,000)",101.00%,1.60%,4,"$1,286,455 ","$1,286,455 ",$0 ,100.00%,"$107,261,000 ","$106,612,000 ","$649,000 ",99.40%,-21.00%,8,"$651,931 ","$651,931 ",$0 ,100.00%
,North Carolina,"90,335,215","89,659,220","675,995",99.30%,3.30%,4,"$88,494,411 ","$84,912,602 ","$3,581,808 ",96.00%,0.50%,3,"$1,468,069 ","$1,512,944 ","($44,875)",103.10%,"$85,079,557 ","$81,198,252 ","$3,881,305 ",95.40%,0.20%,2,"$1,398,191 ","$1,399,102 ",($911),100.10%,"$82,300,428 ","$78,403,200 ","$3,897,228 ",95.30%,-1.00%,3,"$1,274,862 ","$1,027,442 ","$247,420 ",80.60%,"$79,558,260 ","$76,599,104 ","$2,959,156 ",96.30%,-0.40%,2,"$771,800 ","$773,106 ","($1,307)",100.20%,"$76,976,542 ","$74,447,112 ","$2,529,430 ",96.70%,-2.60%,3,"$762,442 ","$762,570 ",($128),100.00%,"$73,627,878 ","$73,124,299 ","$503,579 ",99.30%,-4.10%,5,"$675,704 ","$675,056 ",$648 ,99.90%,"$70,573,970 ","$72,952,274 ","($2,378,304)",103.40%,-0.80%,4,"$587,439 ","$587,146 ",$293 ,100.00%,"$65,862,247 ","$68,628,403 ","($2,766,156)",104.20%,-0.60%,3,"$516,570 ","$516,689 ",($119),100.00%,"$61,860,845 ","$64,838,627 ","($2,977,782)",104.80%,-1.20%,2,"$468,742 ","$471,901 ","($3,159)",100.70%,"$58,028,466 ","$61,490,870 ","($3,462,404)",106.00%,-0.10%,2,"$245,073 ","$248,099 ","($3,026)",101.20%,"$54,857,242 ","$58,170,766 ","($3,313,524)",106.00%,-0.30%,3,"$249,456 ","$249,994 ",($538),100.20%
,North Dakota,"6,197,831","4,535,923","1,661,908",73.20%,12.20%,30,"$5,851,539 ","$3,570,622 ","$2,280,917 ",61.00%,-2.40%,39,"$152,572 ","$109,786 ","$42,786 ",72.00%,"$5,513,000 ","$3,498,700 ","$2,014,300 ",63.50%,-5.40%,34,"$163,003 ","$85,979 ","$77,024 ",52.70%,"$5,224,100 ","$3,596,600 ","$1,627,500 ",68.80%,-3.20%,26,"$149,767 ","$78,163 ","$71,604 ",52.20%,"$4,977,500 ","$3,586,500 ","$1,391,000 ",72.10%,-9.30%,25,"$107,524 ","$71,359 ","$36,165 ",66.40%,"$4,475,800 ","$3,642,100 ","$833,700 ",81.40%,-5.60%,15,"$83,339 ","$66,431 ","$16,908 ",79.70%,"$4,193,600 ","$3,647,100 ","$546,500 ",87.00%,1.30%,16,"$87,157 ","$66,086 ","$21,071 ",75.80%,"$3,941,700 ","$3,377,100 ","$564,600 ",85.70%,4.20%,23,"$89,793 ","$56,139 ","$33,654 ",62.50%,"$3,673,500 ","$2,991,900 ","$681,600 ",81.40%,-0.50%,28,"$81,586 ","$54,089 ","$27,498 ",66.30%,"$3,436,000 ","$2,815,800 ","$620,200 ",81.90%,-4.50%,24,"$77,363 ","$51,942 ","$25,421 ",67.10%,"$3,179,700 ","$2,749,600 ","$430,100 ",86.50%,-4.40%,24,"$61,831 ","$50,247 ","$11,584 ",81.30%,"$2,982,200 ","$2,710,500 ","$271,700 ",90.90%,-6.30%,23,"$50,244 ","$48,881 ","$1,363 ",97.30%
,Ohio,"186,228,703","149,540,458","36,688,245",80.30%,6.30%,20,"$181,908,636 ","$134,600,932 ","$47,307,704 ",74.00%,7.00%,21,"$4,563,153 ","$2,978,941 ","$1,584,212 ",65.30%,"$191,146,281 ","$128,002,724 ","$63,143,558 ",67.00%,-0.40%,25,"$4,511,288 ","$2,587,862 ","$1,923,426 ",57.40%,"$184,343,904 ","$124,169,855 ","$60,174,049 ",67.40%,0.50%,30,"$3,998,763 ","$2,664,166 ","$1,334,596 ",66.60%,"$175,368,439 ","$117,177,230 ","$58,191,209 ",66.80%,-0.20%,34,"$3,770,640 ","$2,509,641 ","$1,261,000 ",66.60%,"$168,936,039 ","$113,152,216 ","$55,783,823 ",67.00%,-10.30%,36,"$2,565,198 ","$2,400,431 ","$164,767 ",93.60%,"$161,802,900 ","$125,116,274 ","$36,686,627 ",77.30%,-11.30%,31,"$2,263,766 ","$2,262,847 ",$919 ,100.00%,"$151,726,897 ","$134,523,372 ","$17,203,526 ",88.70%,5.60%,19,"$2,632,521 ","$2,369,045 ","$263,476 ",90.00%,"$144,339,761 ","$119,957,493 ","$24,382,268 ",83.10%,3.70%,23,"$2,547,853 ","$2,377,438 ","$170,415 ",93.30%,"$137,088,856 ","$108,829,922 ","$28,258,934 ",79.40%,-1.20%,31,"$2,422,402 ","$2,371,140 ","$51,262 ",97.90%,"$128,205,464 ","$103,274,858 ","$24,930,606 ",80.60%,1.30%,33,"$2,357,188 ","$2,293,669 ","$63,519 ",97.30%,"$121,412,799 ","$96,190,982 ","$25,221,818 ",79.20%,-2.00%,35,"$2,159,767 ","$2,159,767 ",$0 ,100.00%
,Oklahoma,"35,114,883","28,512,994","6,601,889",81.20%,14.70%,19,"$33,992,133 ","$22,608,163 ","$11,383,970 ",66.50%,1.60%,29,"$1,171,200 ","$1,179,148 ","($7,948)",100.70%,"$33,072,055 ","$21,469,676 ","$11,602,379 ",64.90%,-1.70%,29,"$1,095,372 ","$1,133,763 ","($38,392)",103.50%,"$31,703,936 ","$21,136,206 ","$10,567,730 ",66.70%,10.80%,33,"$1,632,710 ","$1,066,338 ","$566,372 ",65.30%,"$36,368,239 ","$20,317,291 ","$16,050,948 ",55.90%,-1.50%,46,"$1,514,350 ","$1,053,475 ","$460,876 ",69.60%,"$34,815,191 ","$19,982,363 ","$14,832,828 ",57.40%,-3.30%,48,"$1,346,098 ","$1,039,769 ","$306,329 ",77.20%,"$33,527,899 ","$20,355,492 ","$13,172,407 ",60.70%,-1.30%,48,"$1,245,646 ","$986,163 ","$259,482 ",79.20%,"$30,409,362 ","$18,865,271 ","$11,544,091 ",62.00%,2.50%,48,"$1,197,540 ","$936,013 ","$261,527 ",78.20%,"$28,688,754 ","$17,085,014 ","$11,603,740 ",59.60%,-1.00%,48,"$1,085,979 ","$788,250 ","$297,729 ",72.60%,"$26,784,351 ","$16,206,162 ","$10,578,189 ",60.50%,-0.10%,46,"$1,198,270 ","$700,894 ","$497,376 ",58.50%,"$26,079,018 ","$15,809,811 ","$10,269,207 ",60.60%,-5.80%,47,"$956,417 ","$570,766 ","$385,651 ",59.70%,"$23,363,456 ","$15,519,024 ","$7,844,432 ",66.40%,0.50%,46,"$990,768 ","$639,213 ","$351,556 ",64.50%
,Oregon,"63,134,800","65,401,500","-2,266,700",103.60%,7.70%,2,"$62,593,600 ","$60,014,100 ","$2,579,500 ",95.90%,5.20%,4,(1) N/A,"$834,162 ",(1) N/A,(1) N/A,"$60,405,200 ","$54,784,100 ","$5,621,100 ",90.70%,8.70%,6,"$1,239,400 ","$892,368 ","$347,032 ",72.00%,"$61,198,400 ","$50,168,200 ","$11,030,200 ",82.00%,-5.00%,13,"$779,100 ","$646,653 ","$132,447 ",83.00%,"$59,329,500 ","$51,583,500 ","$7,746,000 ",86.90%,1.20%,8,"$472,400 ","$472,400 ",$0 ,100.00%,"$56,810,600 ","$48,729,200 ","$8,081,400 ",85.80%,5.60%,11,"$630,800 ","$630,800 ",$0 ,100.00%,"$54,260,000 ","$43,521,000 ","$10,739,000 ",80.20%,-32.00%,26,"$707,400 ","$707,400 ",$0 ,100.00%,"$52,871,200 ","$59,327,800 ","($6,456,600)",112.20%,1.80%,1,"$805,700 ","$596,218 ","$209,482 ",74.00%,"$51,252,900 ","$56,616,500 ","($5,363,600)",110.50%,6.20%,1,"$938,600 ","$523,739 ","$414,861 ",55.80%,"$49,294,000 ","$51,382,600 ","($2,088,600)",104.20%,8.10%,3,"$488,500 ","$492,408 ","($3,908)",100.80%,"$47,398,600 ","$45,581,100 ","$1,817,500 ",96.20%,-0.80%,10,"$364,800 ","$363,706 ","$1,094 ",99.70%,"$44,078,100 ","$42,753,300 ","$1,324,800 ",97.00%,6.00%,12,"$537,400 ","$535,788 ","$1,612 ",99.70%
,Pennsylvania,"134,755,832","80,318,115","54,437,717",59.60%,-2.70%,46,"$133,826,396 ","$83,328,447 ","$50,497,949 ",62.30%,-1.60%,36,"$4,424,724 ","$2,225,811 ","$2,198,913 ",50.30%,"$130,816,264 ","$83,530,288 ","$47,285,976 ",63.90%,-4.00%,33,"$3,673,876 ","$1,564,023 ","$2,109,853 ",42.60%,"$127,922,262 ","$86,759,561 ","$41,162,701 ",67.80%,-7.30%,28,"$3,350,380 ","$1,037,749 ","$2,312,631 ",31.00%,"$118,185,022 ","$88,750,793 ","$29,434,229 ",75.10%,-5.70%,20,"$2,795,100 ","$799,737 ","$1,995,363 ",28.60%,"$111,317,700 ","$89,986,600 ","$21,331,100 ",80.80%,-6.10%,17,"$2,405,156 ","$754,977 ","$1,650,179 ",31.40%,"$105,282,637 ","$91,558,157 ","$13,724,480 ",87.00%,-2.50%,17,"$2,436,486 ","$986,670 ","$1,449,816 ",40.50%,"$98,249,800 ","$87,897,000 ","$10,352,800 ",89.50%,4.60%,18,"$2,326,074 ","$901,882 ","$1,424,192 ",38.80%,"$94,992,300 ","$80,613,700 ","$14,378,600 ",84.90%,-1.70%,21,"$1,877,118 ","$652,285 ","$1,224,833 ",34.70%,"$89,981,400 ","$77,916,100 ","$12,065,300 ",86.60%,-6.20%,21,"$1,264,297 ","$578,719 ","$685,578 ",45.80%,"$84,977,100 ","$78,849,600 ","$6,127,500 ",92.80%,-6.90%,13,"$426,320 ","$426,320 ",$0 ,100.00%,"$80,493,300 ","$80,236,000 ","$257,300 ",99.70%,-5.90%,6,"$75,910 ","$88,778 ","($12,868)",117.00%
,Rhode Island,"10,802,545","6,562,351","4,240,194",60.70%,2.30%,44,"$10,688,726 ","$6,249,402 ","$4,439,324 ",58.50%,0.30%,43,"$319,618 ","$319,618 ",$0 ,100.00%,"$10,816,459 ","$6,295,214 ","$4,521,245 ",58.20%,-1.00%,42,"$367,282 ","$367,282 ",$0 ,100.00%,"$10,702,085 ","$6,333,356 ","$4,368,728 ",59.20%,10.50%,44,"$315,354 ","$315,354 ",$0 ,100.00%,"$13,382,099 ","$6,509,044 ","$6,873,055 ",48.60%,-10.10%,49,"$306,428 ","$306,428 ",$0 ,100.00%,"$11,500,425 ","$6,752,084 ","$4,748,342 ",58.70%,-2.60%,45,"$320,173 ","$320,173 ",$0 ,100.00%,"$11,148,487 ","$6,834,921 ","$4,313,567 ",61.30%,4.90%,47,"$342,771 ","$342,771 ",$0 ,100.00%,"$11,175,901 ","$6,307,038 ","$4,868,863 ",56.40%,2.80%,50,"$304,649 ","$304,649 ",$0 ,100.00%,"$10,645,571 ","$5,711,254 ","$4,934,318 ",53.60%,-2.30%,50,"$235,053 ","$235,053 ",$0 ,100.00%,"$9,822,436 ","$5,493,336 ","$4,329,099 ",55.90%,-3.60%,49,"$192,600 ","$192,600 ",$0 ,100.00%,"$9,383,520 ","$5,584,220 ","$3,799,300 ",59.50%,-4.40%,49,"$175,458 ","$175,458 ",$0 ,100.00%,"$8,969,860 ","$5,729,600 ","$3,240,260 ",63.90%,-8.70%,48,"$142,799 ","$142,799 ",$0 ,100.00%
,South Carolina,"49,255,784","29,927,711","19,328,073",60.80%,-2.50%,43,"$47,254,021 ","$29,882,998 ","$17,371,023 ",63.20%,-2.10%,34,"$1,107,583 ","$1,107,583 ",$0 ,100.00%,"$45,202,202 ","$29,555,334 ","$15,646,868 ",65.40%,-2.50%,27,"$973,834 ","$973,834 ",$0 ,100.00%,"$43,512,617 ","$29,539,613 ","$13,973,004 ",67.90%,1.40%,27,"$952,390 ","$952,390 ",$0 ,100.00%,"$43,963,133 ","$29,219,072 ","$14,744,061 ",66.50%,-2.20%,35,"$956,643 ","$956,750 ",($107),100.00%,"$42,050,701 ","$28,871,570 ","$13,179,131 ",68.70%,-1.40%,33,"$966,538 ","$966,610 ",($72),100.00%,"$40,318,436 ","$28,265,752 ","$12,052,684 ",70.10%,-1.00%,39,"$902,340 ","$902,365 ",($25),100.00%,"$37,853,541 ","$26,897,530 ","$10,956,011 ",71.10%,0.10%,39,"$763,189 ","$764,115 ",($926),100.10%,"$35,814,673 ","$25,414,245 ","$10,400,428 ",71.00%,-1.90%,39,"$689,400 ","$690,373 ",($973),100.10%,"$33,712,394 ","$24,577,471 ","$9,134,923 ",72.90%,-7.90%,37,"$641,456 ","$640,483 ",$973 ,99.80%,"$29,263,101 ","$23,650,164 ","$5,612,937 ",80.80%,-2.60%,32,"$615,597 ","$614,724 ",$873 ,99.90%,"$27,421,732 ","$22,872,709 ","$4,549,023 ",83.40%,-2.90%,31,"$610,369 ","$609,632 ",$737 ,99.90%
,South Dakota,"9,887,095","10,607,554","-720,459",107.30%,7.40%,1,"$8,865,588 ","$8,857,989 ","$7,598 ",99.90%,7.40%,1,"$101,750 ","$102,376 ",($627),100.60%,"$8,570,534 ","$7,932,327 ","$638,207 ",92.60%,-3.70%,4,"$100,240 ","$99,867 ",$373 ,99.60%,"$7,822,191 ","$7,532,802 ","$289,389 ",96.30%,0.20%,2,"$100,389 ","$102,673 ","($2,284)",102.30%,"$7,502,301 ","$7,210,556 ","$291,745 ",96.10%,4.40%,3,"$98,876 ","$96,914 ","$1,962 ",98.00%,"$7,494,895 ","$6,874,347 ","$620,547 ",91.70%,-5.70%,6,"$95,280 ","$94,245 ","$1,035 ",98.90%,"$7,084,866 ","$6,899,770 ","$185,095 ",97.40%,-0.10%,7,"$89,766 ","$89,766 ",$0 ,100.00%,"$6,818,687 ","$6,645,493 ","$173,194 ",97.50%,0.50%,9,"$91,362 ","$91,362 ",$0 ,100.00%,"$5,958,926 ","$5,780,395 ","$178,531 ",97.00%,0.20%,8,"$80,829 ","$80,829 ",$0 ,100.00%,"$5,665,377 ","$5,484,349 ","$181,028 ",96.80%,-1.10%,9,"$78,265 ","$78,265 ",$0 ,100.00%,"$5,143,989 ","$5,037,261 ","$106,728 ",97.90%,0.60%,8,"$74,854 ","$74,854 ",$0 ,100.00%,"$4,905,995 ","$4,773,678 ","$132,317 ",97.30%,0.50%,11,"$75,989 ","$75,989 ",$0 ,100.00%
,Tennessee,"43,407,305","42,905,157","502,148",98.80%,5.20%,5,"$41,913,433 ","$39,249,318 ","$2,664,115 ",93.60%,2.10%,5,"$1,010,425 ","$1,010,425 ",$0 ,100.00%,"$40,069,332 ","$36,680,782 ","$3,388,550 ",91.50%,0.00%,5,"$1,002,686 ","$1,002,686 ",$0 ,100.00%,"$40,069,332 ","$36,680,782 ","$3,388,550 ",91.50%,1.70%,5,"$995,540 ","$995,540 ",$0 ,100.00%,"$35,198,741 ","$31,639,654 ","$3,559,087 ",89.90%,0.00%,7,"$836,727 ","$836,727 ",$0 ,100.00%,"$35,198,741 ","$31,639,654 ","$3,559,087 ",89.90%,-5.20%,7,"$836,911 ","$836,911 ",$0 ,100.00%,"$32,715,771 ","$31,112,969 ","$1,602,802 ",95.10%,0.00%,8,"$838,259 ","$838,259 ",$0 ,100.00%,"$32,715,771 ","$31,112,969 ","$1,602,802 ",95.10%,-3.60%,11,"$794,428 ","$794,428 ",$0 ,100.00%,"$28,117,127 ","$27,751,013 ","$366,114 ",98.70%,0.00%,7,"$665,879 ","$665,879 ",$0 ,100.00%,"$28,117,127 ","$27,751,013 ","$366,114 ",98.70%,0.10%,6,"$629,250 ","$629,250 ",$0 ,100.00%,"$26,075,500 ","$25,704,500 ","$371,000 ",98.60%,0.00%,7,"$411,106 ","$411,106 ",$0 ,100.00%,"$26,075,500 ","$25,704,500 ","$371,000 ",98.60%,0.30%,10,"$398,334 ","$398,334 ",$0 ,100.00%
,Texas,"201,046,036","159,155,968","41,890,068",79.20%,-1.30%,22,"$183,517,636 ","$147,626,488 ","$35,891,148 ",80.40%,-1.50%,12,"$3,847,129 ","$2,661,753 ","$1,185,376 ",69.20%,"$175,469,714 ","$143,799,385 ","$31,670,329 ",82.00%,-1.00%,10,"$3,557,450 ","$2,438,834 ","$1,118,617 ",68.60%,"$169,296,370 ","$140,429,017 ","$28,867,353 ",82.90%,-0.30%,10,"$3,508,890 ","$2,825,795 ","$683,095 ",80.50%,"$163,417,834 ","$136,052,621 ","$27,365,213 ",83.30%,-0.90%,12,"$3,363,531 ","$2,760,942 ","$602,589 ",82.10%,"$155,679,204 ","$130,983,262 ","$24,695,942 ",84.10%,-6.60%,13,"$2,611,397 ","$2,585,237 ","$26,160 ",99.00%,"$148,594,953 ","$134,813,725 ","$13,781,228 ",90.70%,0.60%,12,"$2,459,259 ","$2,459,100 ",$159 ,100.00%,"$141,305,372 ","$127,360,001 ","$13,945,371 ",90.10%,1.60%,16,"$2,465,779 ","$2,120,212 ","$345,566 ",86.00%,"$132,087,713 ","$116,947,334 ","$15,140,379 ",88.50%,0.20%,16,"$2,313,192 ","$1,955,873 ","$357,318 ",84.60%,"$125,703,182 ","$111,035,468 ","$14,667,714 ",88.30%,-4.30%,17,"$2,154,619 ","$1,785,828 ","$368,790 ",82.90%,"$118,388,378 ","$109,683,440 ","$8,704,938 ",92.60%,-2.20%,14,"$2,109,272 ","$1,742,408 ","$366,863 ",82.60%,"$115,239,912 ","$109,340,390 ","$5,899,522 ",94.90%,-2.30%,15,"$2,046,187 ","$1,757,331 ","$288,856 ",85.90%
,Utah,"30,025,458","26,569,124","3,456,334",88.50%,8.30%,12,"$29,171,564 ","$23,405,396 ","$5,766,168 ",80.20%,3.70%,13,"$902,264 ","$902,264 ",$0 ,100.00%,"$27,939,108 ","$21,369,935 ","$6,569,173 ",76.50%,-1.90%,19,"$813,259 ","$813,259 ",$0 ,100.00%,"$26,956,504 ","$21,117,218 ","$5,839,286 ",78.30%,-3.80%,19,"$753,664 ","$753,664 ",$0 ,100.00%,"$25,711,658 ","$21,131,650 ","$4,580,008 ",82.20%,-3.60%,13,"$695,221 ","$695,221 ",$0 ,100.00%,"$24,274,639 ","$20,818,430 ","$3,456,209 ",85.80%,-0.80%,12,"$665,235 ","$665,235 ",$0 ,100.00%,"$22,931,261 ","$19,857,146 ","$3,074,115 ",86.60%,-8.50%,19,"$641,690 ","$641,690 ",$0 ,100.00%,"$21,320,649 ","$20,269,043 ","$1,051,606 ",95.10%,-0.80%,12,"$597,184 ","$597,184 ",$0 ,100.00%,"$18,881,142 ","$18,093,491 ","$787,651 ",95.80%,2.60%,11,"$533,860 ","$533,860 ",$0 ,100.00%,"$17,610,596 ","$16,415,381 ","$1,195,215 ",93.20%,0.90%,14,"$490,476 ","$490,476 ",$0 ,100.00%,"$16,667,893 ","$15,393,467 ","$1,274,426 ",92.40%,-2.30%,16,"$446,182 ","$446,182 ",$0 ,100.00%,"$15,546,729 ","$14,718,181 ","$828,548 ",94.70%,1.90%,16,"$380,012 ","$380,012 ",$0 ,100.00%
,Vermont,"5,216,342","3,897,136","1,319,206",74.70%,5.50%,28,"$5,009,560 ","$3,468,330 ","$1,541,230 ",69.20%,-0.90%,26,"$111,587 ","$128,470 ","($16,883)",115.10%,"$4,754,089 ","$3,335,632 ","$1,418,457 ",70.20%,-2.40%,24,"$91,522 ","$107,986 ","($16,464)",118.00%,"$4,463,336 ","$3,238,011 ","$1,225,325 ",72.50%,-2.10%,22,"$103,841 ","$98,958 ","$4,884 ",95.30%,"$4,090,537 ","$3,051,925 ","$1,038,612 ",74.60%,1.80%,23,"$89,514 ","$83,983 ","$5,531 ",93.80%,"$4,012,955 ","$2,923,124 ","$1,089,831 ",72.80%,-15.00%,29,"$66,075 ","$62,484 ","$3,591 ",94.60%,"$3,792,854 ","$3,331,303 ","$461,551 ",87.80%,-7.70%,14,"$83,579 ","$80,151 ","$3,428 ",95.90%,"$3,334,146 ","$3,186,321 ","$147,825 ",95.60%,3.60%,10,"$87,576 ","$86,251 ","$1,326 ",98.50%,"$3,195,421 ","$2,939,063 ","$256,358 ",92.00%,-2.80%,14,"$102,682 ","$70,080 ","$32,602 ",68.20%,"$2,915,086 ","$2,761,990 ","$153,096 ",94.70%,0.50%,12,"$91,093 ","$68,298 ","$22,795 ",75.00%,"$2,757,388 ","$2,599,082 ","$158,306 ",94.30%,0.50%,11,"$77,299 ","$51,618 ","$25,681 ",66.80%,"$2,629,348 ","$2,466,324 ","$163,024 ",93.80%,-0.30%,17,"$58,849 ","$50,694 ","$8,155 ",86.10%
,Virginia,"85,870,937","64,520,891","21,350,046",75.10%,9.60%,27,"$82,407,426 ","$54,027,587 ","$28,379,839 ",65.60%,0.20%,31,"$2,360,273 ","$1,791,478 ","$568,795 ",75.90%,"$81,207,000 ","$53,069,000 ","$28,138,000 ",65.40%,-4.10%,28,"$1,723,651 ","$1,016,482 ","$707,169 ",59.00%,"$78,423,000 ","$54,473,000 ","$23,950,000 ",69.50%,-2.60%,25,"$1,683,488 ","$778,968 ","$904,520 ",46.30%,"$75,889,000 ","$54,660,000 ","$21,229,000 ",72.00%,-7.70%,26,"$1,594,447 ","$1,063,117 ","$531,330 ",66.70%,"$69,135,000 ","$55,123,000 ","$14,012,000 ",79.70%,-3.80%,19,"$1,608,466 ","$1,311,683 ","$296,783 ",81.50%,"$65,174,000 ","$54,441,000 ","$10,733,000 ",83.50%,1.70%,21,"$1,486,768 ","$1,375,894 ","$110,874 ",92.50%,"$60,530,000 ","$49,516,000 ","$11,014,000 ",81.80%,1.60%,28,"$1,397,755 ","$1,201,460 ","$196,295 ",86.00%,"$55,072,000 ","$44,166,000 ","$10,906,000 ",80.20%,-0.60%,31,"$988,662 ","$857,660 ","$131,002 ",86.70%,"$51,683,000 ","$41,749,000 ","$9,934,000 ",80.80%,-8.50%,29,"$929,681 ","$771,650 ","$158,031 ",83.00%,"$45,907,000 ","$40,995,000 ","$4,912,000 ",89.30%,-5.90%,20,"$583,480 ","$496,183 ","$87,297 ",85.00%,"$42,516,000 ","$40,492,000 ","$2,024,000 ",95.20%,-5.10%,14,"$564,441 ","$362,042 ","$202,399 ",64.10%
,Washington,"80,803,545","72,762,758","8,040,787",90.00%,1.80%,11,"$74,347,100 ","$65,644,900 ","$8,702,200 ",88.30%,-6.80%,7,"$1,675,100 ","$1,257,571 ","$417,529 ",75.10%,"$66,553,456 ","$63,297,256 ","$3,256,200 ",95.10%,1.40%,3,"$1,629,600 ","$1,212,601 ","$416,999 ",74.40%,"$64,932,162 ","$60,829,162 ","$4,103,000 ",93.70%,-1.20%,4,"$1,499,600 ","$971,650 ","$527,950 ",64.80%,"$61,747,228 ","$58,614,128 ","$3,133,100 ",94.90%,2.70%,4,"$1,877,200 ","$988,500 ","$888,700 ",52.70%,"$61,985,696 ","$57,162,081 ","$4,823,615 ",92.20%,-8.10%,5,"$1,787,100 ","$1,334,300 ","$452,800 ",74.70%,"$54,346,500 ","$54,511,600 ","($165,100)",100.30%,1.10%,3,"$1,545,600 ","$967,900 ","$577,700 ",62.60%,"$51,344,900 ","$50,943,000 ","$401,900 ",99.20%,-0.30%,7,"$1,365,300 ","$692,800 ","$672,500 ",50.70%,"$48,124,000 ","$47,914,514 ","$209,486 ",99.60%,1.00%,6,"$1,421,200 ","$396,100 ","$1,025,100 ",27.90%,"$46,104,500 ","$45,455,200 ","$649,300 ",98.60%,-6.60%,7,"$1,082,200 ","$215,800 ","$866,400 ",19.90%,"$42,078,700 ","$44,256,400 ","($2,177,700)",105.20%,-1.60%,3,"$914,700 ","$205,500 ","$709,200 ",22.50%,"$41,193,200 ","$43,987,500 ","($2,794,300)",106.80%,-11.00%,2,"$722,300 ","$192,300 ","$530,000 ",26.60%
,West Virginia,"17,150,259","13,330,090","3,820,169",77.70%,10.70%,23,"$16,728,771 ","$11,218,521 ","$5,510,250 ",67.10%,4.00%,27,"$699,040 ","$697,182 ","$1,858 ",99.70%,"$16,299,371 ","$10,279,137 ","$6,020,234 ",63.10%,-0.90%,37,"$668,223 ","$705,079 ","($36,856)",105.50%,"$15,741,272 ","$10,074,666 ","$5,666,606 ",64.00%,6.10%,38,"$696,843 ","$695,238 ","$1,605 ",99.80%,"$14,986,050 ","$8,678,142 ","$6,307,908 ",57.90%,2.00%,44,"$664,635 ","$604,287 ","$60,348 ",90.90%,"$14,266,419 ","$7,977,030 ","$6,289,389 ",55.90%,-7.70%,49,"$541,482 ","$522,426 ","$19,056 ",96.50%,"$13,642,584 ","$8,673,875 ","$4,968,709 ",63.60%,-4.40%,44,"$480,944 ","$512,762 ","($31,818)",106.60%,"$13,358,826 ","$9,084,665 ","$4,274,161 ",68.00%,2.10%,43,"$460,057 ","$1,622,808 ","($1,162,751)",352.70%,"$12,039,611 ","$7,935,652 ","$4,103,959 ",65.90%,13.60%,44,"$488,223 ","$879,900 ","($391,677)",180.20%,"$11,554,264 ","$6,040,559 ","$5,513,705 ",52.30%,7.70%,50,"$487,636 ","$733,141 ","($245,505)",150.30%,"$11,057,908 ","$4,924,536 ","$6,133,372 ",44.50%,4.40%,50,"$482,035 ","$475,041 ","$6,994 ",98.50%,"$10,693,209 ","$4,294,345 ","$6,398,864 ",40.20%,1.60%,50,"$438,912 ","$419,001 ","$19,911 ",95.50%
,Wisconsin,"89,691,173","92,147,447","-2,456,274",102.70%,2.80%,3,"$85,328,700 ","$85,276,100 ","$52,600 ",99.90%,0.00%,2,"$912,400 ","$912,400 ",$0 ,100.00%,"$78,682,700 ","$78,613,000 ","$69,700 ",99.90%,0.00%,1,"$826,100 ","$826,100 ",$0 ,100.00%,"$76,565,200 ","$76,465,900 ","$99,300 ",99.90%,0.00%,1,"$784,100 ","$815,464 ","($31,364)",104.00%,"$80,758,800 ","$80,626,900 ","$131,900 ",99.80%,0.10%,1,"$686,700 ","$741,636 ","($54,936)",108.00%,"$79,104,600 ","$78,911,300 ","$193,300 ",99.80%,0.10%,2,"$645,600 ","$697,248 ","($51,648)",108.00%,"$77,412,000 ","$77,159,400 ","$252,600 ",99.70%,0.00%,4,"$644,800 ","$644,800 ",$0 ,100.00%,"$80,079,700 ","$79,791,900 ","$287,800 ",99.60%,0.10%,6,"$614,000 ","$614,000 ",$0 ,100.00%,"$73,735,800 ","$73,415,300 ","$320,500 ",99.60%,0.10%,5,"$561,000 ","$561,000 ",$0 ,100.00%,"$68,987,500 ","$68,615,100 ","$372,400 ",99.50%,0.10%,5,"$531,800 ","$531,800 ",$0 ,100.00%,"$66,622,300 ","$66,209,400 ","$412,900 ",99.40%,0.20%,6,"$497,800 ","$497,800 ",$0 ,100.00%,"$63,211,700 ","$62,685,300 ","$526,400 ",99.20%,2.10%,9,"$462,700 ","$462,700 ",$0 ,100.00%
,Wyoming,"9,682,721","7,688,940","1,993,781",79.40%,0.70%,21,"$9,132,959 ","$7,186,844 ","$1,946,115 ",78.70%,-0.90%,17,"$184,651 ","$151,701 ","$32,950 ",82.20%,"$8,300,258 ","$6,609,063 ","$1,691,194 ",79.60%,-3.40%,13,"$164,142 ","$146,353 ","$17,789 ",89.20%,"$7,969,992 ","$6,613,541 ","$1,356,451 ",83.00%,-2.90%,9,"$150,105 ","$143,650 ","$6,456 ",95.70%,"$7,740,611 ","$6,649,755 ","$1,090,856 ",85.90%,-2.90%,9,"$152,973 ","$125,721 ","$27,252 ",82.20%,"$7,401,614 ","$6,571,160 ","$830,454 ",88.80%,9.40%,9,"$169,712 ","$107,662 ","$62,049 ",63.40%,"$6,989,823 ","$5,545,411 ","$1,444,412 ",79.30%,-15.20%,29,"$98,533 ","$102,715 ","($4,182)",104.20%,"$6,846,718 ","$6,470,245 ","$376,473 ",94.50%,-0.40%,14,"$86,200 ","$89,792 ","($3,591)",104.20%,"$6,215,540 ","$5,899,371 ","$316,168 ",94.90%,-0.10%,12,"$77,585 ","$109,551 ","($31,966)",141.20%,"$5,785,092 ","$5,498,999 ","$286,093 ",95.10%,8.90%,11,"$121,089 ","$77,180 ","$43,909 ",63.70%,"$6,174,579 ","$5,317,172 ","$857,407 ",86.10%,-6.30%,27,"$104,502 ","$74,509 ","$29,993 ",71.30%,"$5,671,996 ","$5,244,021 ","$427,975 ",92.50%,0.00%,21,"$56,236 ","$71,434 ","($15,198)",127.00%
,US Total,"3,701,820,064","2,768,267,665","933,552,398",74.80%,3.00%,N/A,"$3,434,158,270 ","$2,465,775,276 ","$968,382,999 ",71.80%,-0.50%,N/A,"$91,940,678 ","$73,513,657 ","$18,427,021 ",80.00%,"$3,298,798,385 ","$2,383,987,064 ","$914,811,320 ",72.30%,-1.60%,N/A,"$87,288,647 ","$66,606,785 ","$20,681,862 ",76.30%,"$3,186,287,229 ","$2,353,550,101 ","$832,737,129 ",73.90%,-1.40%,N/A,"$83,553,540 ","$64,322,518 ","$19,231,021 ",77.00%,"$3,065,074,141 ","$2,308,084,443 ","$756,989,698 ",75.30%,-2.30%,N/A,"$73,681,596 ","$57,593,717 ","$16,087,879 ",78.20%,"$2,938,598,690 ","$2,279,116,027 ","$659,482,663 ",77.60%,-5.60%,N/A,"$67,041,885 ","$56,004,152 ","$11,037,733 ",83.50%,"$2,783,545,339 ","$2,313,741,452 ","$469,803,887 ",83.10%,-3.10%,N/A,"$63,782,697 ","$57,235,962 ","$6,546,735 ",89.70%,"$2,629,453,903 ","$2,267,252,882 ","$362,201,020 ",86.20%,1.00%,N/A,"$59,744,697 ","$50,530,177 ","$9,214,520 ",84.60%,"$2,448,003,225 ","$2,086,960,134 ","$361,043,091 ",85.30%,0.00%,N/A,"$53,977,034 ","$43,836,213 ","$10,140,822 ",81.20%,"$2,294,544,851 ","$1,955,025,386 ","$339,519,465 ",85.20%,-1.80%,N/A,"$49,369,702 ","$41,043,426 ","$8,326,276 ",83.10%,"$2,148,845,859 ","$1,870,222,456 ","$278,623,402 ",87.00%,-1.40%,N/A,"$41,130,517 ","$35,341,672 ","$5,788,846 ",85.90%,"$2,024,702,427 ","$1,791,105,473 ","$233,596,954 ",88.50%,-5.30%,N/A,"$33,191,596 ","$29,016,479 ","$4,175,117 ",87.40%
,,,,,,,,,,,,,,,,,,,,,,,,,,,,,,,,,,,,,,,,,,,,,,,,,,,,,,,,,,,,,,,,,,,,,,,,,,,,,,,,,,,,,,,,,,,,,,,,,,,,,,,,,,,,,,,,,,,,,
Notes:,,,,,,,,,,,,,,,,,,,,,,,,,,,,,,,,,,,,,,,,,,,,,,,,,,,,,,,,,,,,,,,,,,,,,,,,,,,,,,,,,,,,,,,,,,,,,,,,,,,,,,,,,,,,,,,,,,,,,
*,All $ figures are in thousands,,,,,,,,,,,,,,,,,,,,,,,,,,,,,,,,,,,,,,,,,,,,,,,,,,,,,,,,,,,,,,,,,,,,,,,,,,,,,,,,,,,,,,,,,,,,,,,,,,,,,,,,,,,,,,,,,,,,
*,"""Change in Percent Funded Ratio"" is the difference in percentage points from the previous year",,,,,,,,,,,,,,,,,,,,,,,,,,,,,,,,,,,,,,,,,,,,,,,,,,,,,,,,,,,,,,,,,,,,,,,,,,,,,,,,,,,,,,,,,,,,,,,,,,,,,,,,,,,,,,,,,,,,
-1,"New accounting standards under GASB Statement 67, for the fiscal year ended June 30, 2014, eliminate the ARC.  Oregons reported contribution uses Actuarially Determined Contributions (ADC) based on the new accounting standards rather than the Actuarially Required Contribution (ARC) based on the old funding standards. As a result, there is no reported 2013 ARC for Oregon Public Employees' Retirement System.",,,,,,,,,,,,,,,,,,,,,,,,,,,,,,,,,,,,,,,,,,,,,,,,,,,,,,,,,,,,,,,,,,,,,,,,,,,,,,,,,,,,,,,,,,,,,,,,,,,,,,,,,,,,,,,,,,,,
